week,净值,历史最高,回撤,组合周收益,PDD归一化,JD归一化
2023-06-30,100.000000,100.000000,0.000000,,100.000000,100.000000
2023-07-07,98.233998,100.000000,-0.017660,-0.017660,101.243853,104.775857
2023-07-14,101.623887,101.623887,0.000000,0.034508,114.969627,111.749194
2023-07-21,100.799323,101.623887,-0.008114,-0.008114,109.878507,108.614122
2023-07-28,104.971670,104.971670,0.000000,0.041393,129.230547,118.751831
2023-08-04,105.761476,105.761476,0.000000,0.007524,126.583743,114.532669
2023-08-11,105.712173,105.761476,-0.000466,-0.000466,117.949089,106.826839
2023-08-18,107.606655,107.606655,0.000000,0.017921,111.339312,97.011427
2023-08-25,109.898257,109.898257,0.000000,0.021296,115.577090,96.571931
2023-09-01,124.074680,124.074680,0.000000,0.128996,149.392537,99.912101
2023-09-08,122.392575,124.074680,-0.013557,-0.013557,137.894128,94.931146
2023-09-15,126.604780,126.604780,0.000000,0.034416,143.853052,92.499268
2023-09-22,126.684040,126.684040,0.000000,0.000626,138.747469,89.100498
2023-09-29,130.763225,130.763225,0.000000,0.032200,141.842638,85.350132
2023-10-06,134.732667,134.732667,0.000000,0.030356,152.791438,86.756519
2023-10-13,140.850318,140.850318,0.000000,0.045406,153.456754,79.255787
2023-10-20,145.598020,145.598020,0.000000,0.033707,148.654903,71.432757
2023-10-27,145.701430,145.701430,0.000000,0.000710,156.609777,75.153824
2023-11-03,140.786186,145.701430,-0.033735,-0.033735,153.919583,78.933490
2023-11-10,145.602515,145.701430,-0.000679,0.034210,157.708996,75.476121
2023-11-17,144.453544,145.701430,-0.008565,-0.007891,166.546138,80.896572
2023-11-24,143.671890,145.701430,-0.013929,-0.005411,171.680648,84.266042
2023-12-01,163.748200,163.748200,0.000000,0.139737,210.109922,79.578084
2023-12-08,162.332190,163.748200,-0.008647,-0.008647,200.983512,77.497803
2023-12-15,164.870944,164.870944,0.000000,0.015639,214.564651,80.310577
2023-12-22,162.179104,164.870944,-0.016327,-0.016327,208.967313,80.837972
2023-12-29,159.385374,164.870944,-0.033272,-0.017226,211.614116,84.646938
2024-01-05,165.601460,165.601460,0.000000,0.039000,211.932311,78.171696
2024-01-12,172.933004,172.933004,0.000000,0.044272,214.969627,72.370349
2024-01-19,178.466648,178.466648,0.000000,0.031999,207.752386,65.309112
2024-01-26,171.019785,178.466648,-0.041727,-0.041727,205.047729,69.909171
2024-02-02,168.111850,178.466648,-0.058021,-0.017004,180.199595,63.814826
2024-02-09,167.746028,178.466648,-0.060071,-0.002176,184.379520,65.572810
2024-02-16,165.969003,178.466648,-0.070028,-0.010594,195.632051,70.963961
2024-02-23,162.421078,178.466648,-0.089908,-0.021377,184.683251,70.026370
2024-03-01,164.944978,178.466648,-0.075766,0.015539,183.468325,67.389393
2024-03-08,147.935795,178.466648,-0.171073,-0.103120,159.589239,72.516847
2024-03-15,148.849440,178.466648,-0.165954,0.006176,178.970205,80.427776
2024-03-22,150.974063,178.466648,-0.154049,0.014274,177.885450,77.644301
2024-03-29,144.302058,178.466648,-0.191434,-0.044193,168.137113,80.251978
2024-04-05,148.916386,178.466648,-0.165579,0.031977,170.480185,76.237914
2024-04-12,149.222056,178.466648,-0.163866,0.002053,167.052358,74.392030
2024-04-19,147.570998,178.466648,-0.173117,-0.011064,164.145213,74.743627
2024-04-26,143.886005,178.466648,-0.193765,-0.024971,187.026323,88.895400
2024-05-03,143.934443,178.466648,-0.193494,0.000337,202.748047,96.308233
2024-05-10,143.394014,178.466648,-0.196522,-0.003755,197.092855,94.345151
2024-05-17,141.777608,178.466648,-0.205579,-0.011272,211.440555,103.340170
2024-05-24,157.345316,178.466648,-0.118349,0.109804,227.899913,88.690302
2024-05-31,155.145240,178.466648,-0.130677,-0.013982,216.632919,86.785819
2024-06-07,152.859416,178.466648,-0.143485,-0.014733,208.128435,85.936127
2024-06-14,157.016838,178.466648,-0.120189,0.027198,215.475846,84.295341
2024-06-21,156.147053,178.466648,-0.125063,-0.005539,208.070581,82.332259
2024-06-28,156.505366,178.466648,-0.123055,0.002295,192.291004,75.710519
2024-07-05,155.626302,178.466648,-0.127981,-0.005617,196.977148,78.406094
2024-07-12,155.143994,178.466648,-0.130684,-0.003099,205.987851,82.478758
2024-07-19,155.243192,178.466648,-0.130128,0.000639,192.421174,76.941108
2024-07-26,153.049508,178.466648,-0.142420,-0.014131,189.181371,77.820100
2024-08-02,155.099867,178.466648,-0.130931,0.013397,184.278276,73.718137
2024-08-09,159.350735,178.466648,-0.107112,0.027407,199.652878,75.827718
2024-08-16,155.345943,178.466648,-0.129552,-0.025132,215.924212,85.818928
2024-08-23,156.968457,178.466648,-0.120461,0.010445,202.299682,78.611192
2024-08-30,131.916438,178.466648,-0.260834,-0.159599,139.007810,79.109288
2024-09-06,132.259890,178.466648,-0.258910,0.002604,134.943593,76.384413
2024-09-13,133.026515,178.466648,-0.254614,0.005796,137.387909,76.882508
2024-09-20,130.609165,178.466648,-0.268159,-0.018172,144.489442,83.650747
2024-09-27,127.840707,178.466648,-0.283672,-0.021197,195.805612,116.905948
2024-10-04,125.433478,178.466648,-0.297160,-0.018830,223.126989,137.620861
2024-10-11,125.759983,178.466648,-0.295331,0.002603,209.372288,128.420744
2024-10-18,122.535028,178.466648,-0.313401,-0.025644,180.242985,117.140346
2024-10-25,121.600610,178.466648,-0.318637,-0.007626,177.133353,116.905948
2024-11-01,119.829528,178.466648,-0.328561,-0.014565,174.370842,118.488134
2024-11-08,121.559344,178.466648,-0.318868,0.014436,170.393405,112.364489
2024-11-15,124.903023,178.466648,-0.300132,0.027507,164.882846,102.549077
2024-11-22,117.842872,178.466648,-0.339692,-0.056525,144.735320,101.611485
2024-11-29,111.188867,178.466648,-0.376977,-0.056465,139.658664,109.522414
2024-12-06,113.403571,178.466648,-0.364567,0.019918,144.474978,108.936420
2024-12-13,114.586803,178.466648,-0.357937,0.010434,147.917269,109.258717
2024-12-20,115.575710,178.466648,-0.352396,0.008630,143.925369,104.424260
2024-12-27,115.449564,178.466648,-0.353103,-0.001091,140.945907,102.490478
2025-01-03,114.482301,178.466648,-0.358523,-0.008378,140.034712,103.545268
2025-01-10,116.845296,178.466648,-0.345282,0.020641,136.939543,96.982127
2025-01-17,113.151306,178.466648,-0.365981,-0.031614,152.690194,114.268972
2025-01-24,113.748356,178.466648,-0.362635,0.005277,161.035580,119.308526
2025-01-31,114.039520,178.466648,-0.361004,0.002560,161.859994,119.308526
2025-02-07,116.012133,178.466648,-0.349951,0.017298,165.273358,117.697041
2025-02-14,119.285266,178.466648,-0.331610,0.028214,179.577668,121.242309
2025-02-21,121.235323,178.466648,-0.320684,0.016348,189.962395,124.289481
2025-02-28,113.832351,178.466648,-0.362165,-0.061063,164.434481,122.765895
2025-03-07,116.421482,178.466648,-0.347657,0.022745,173.445184,123.908585
2025-03-14,116.495739,178.466648,-0.347241,0.000638,177.234596,126.457662
2025-03-21,119.686237,178.466648,-0.329364,0.027387,183.164594,123.762086
2025-03-28,117.696231,178.466648,-0.340514,-0.016627,174.211744,121.828304
2025-04-04,116.512848,178.466648,-0.347145,-0.010055,150.723170,107.852329
2025-04-11,109.465782,178.466648,-0.386632,-0.060483,130.893839,106.709640
2025-04-18,113.949844,178.466648,-0.361506,0.040963,135.507666,101.728684
2025-04-25,123.819412,178.466648,-0.306204,0.086613,150.433902,95.312042
2025-05-02,124.240315,178.466648,-0.303846,0.003399,160.428117,100.996191
2025-05-09,124.628371,178.466648,-0.301671,0.003123,158.591264,99.208907
2025-05-16,129.722553,178.466648,-0.273127,0.040875,170.104137,98.300615
2025-05-23,131.008144,178.466648,-0.265924,0.009910,172.461672,97.714621
2025-05-30,120.367790,178.466648,-0.325545,-0.081219,139.586347,94.960445
2025-06-06,121.599888,178.466648,-0.318641,0.010236,145.501880,97.040727
2025-06-13,122.248669,178.466648,-0.315006,0.005335,145.472953,95.985936
2025-06-20,125.094417,178.466648,-0.299060,0.023278,146.384148,92.118371
2025-06-27,124.280388,178.466648,-0.303621,-0.006507,152.068267,96.894228
2025-07-04,125.243353,178.466648,-0.298225,0.007748,149.826439,93.964254
2025-07-11,127.935388,178.466648,-0.283141,0.021494,151.735609,91.122180
2025-07-18,124.628934,178.466648,-0.301668,-0.025845,157.651143,99.384706
2025-07-25,131.390881,178.466648,-0.263779,0.054257,171.319063,97.216525
2025-08-01,131.232104,178.466648,-0.264669,-0.001208,159.184264,90.565485
2025-08-08,132.504849,178.466648,-0.257537,0.009698,165.258895,92.264870
2025-08-15,134.782471,178.466648,-0.244775,0.017189,172.042233,92.880164
2025-08-22,139.022864,178.466648,-0.221015,0.031461,183.844374,93.407559
2025-08-29,137.021127,178.466648,-0.232231,-0.014399,173.879086,91.034281
2025-09-05,138.724861,178.466648,-0.222685,0.012434,180.329766,92.147671
2025-09-12,134.251496,178.466648,-0.247750,-0.032246,181.428985,98.652212
2025-09-19,133.557138,178.466648,-0.251641,-0.005172,187.257738,102.842074
2025-09-26,134.966860,178.466648,-0.243742,0.010555,188.009835,101.084090
2025-10-03,135.417973,178.466648,-0.241214,0.003342,194.171247,103.721067
2025-10-10,137.174585,178.466648,-0.231371,0.012972,179.736766,93.319660
2025-10-17,136.870970,178.466648,-0.233073,-0.002213,185.825861,96.894228
2025-10-24,139.541588,178.466648,-0.218108,0.019512,193.751808,97.245825
2025-10-31,140.330871,178.466648,-0.213686,0.005656,195.067978,96.806329
2025-11-07,143.458858,178.466648,-0.196159,0.022290,196.384148,93.143862
2025-11-14,146.503033,178.466648,-0.179101,0.021220,189.398322,85.877527
2025-11-21,137.546014,178.466648,-0.229290,-0.061139,163.783627,84.764137
2025-11-28,137.131306,178.466648,-0.231614,-0.003015,167.891235,87.401113
2025-12-05,137.880048,178.466648,-0.227418,0.005460,170.118600,87.606212
2025-12-12,135.623197,178.466648,-0.240064,-0.016368,161.932311,86.258424
2025-12-19,135.567385,178.466648,-0.240377,-0.000412,158.388776,84.441840
2025-12-26,137.607594,178.466648,-0.228945,0.015049,166.343651,86.141225
2026-01-02,137.746058,178.466648,-0.228169,0.001006,167.413943,86.522121
2026-01-09,140.788717,178.466648,-0.211120,0.022089,174.356378,86.287723
2026-01-16,134.050805,178.466648,-0.248875,-0.047858,154.411339,84.676238
2026-01-23,131.632171,178.466648,-0.262427,-0.018043,153.861730,87.430413
2026-01-30,131.334221,178.466648,-0.264097,-0.002263,146.152734,83.445649
2026-02-06,134.995933,178.466648,-0.243579,0.027881,152.198438,82.244360
2026-02-13,134.057147,178.466648,-0.248839,-0.006954,145.039051,79.519484
2026-02-20,136.505129,178.466648,-0.235122,0.018261,151.778999,80.310577
2026-02-27,137.909403,178.466648,-0.227254,0.010287,150.028927,77.732200
2026-03-06,135.439879,178.466648,-0.241091,-0.017907,147.483367,79.197187
2026-03-13,132.659561,178.466648,-0.256670,-0.020528,148.466879,82.976853
2026-03-20,130.944537,178.466648,-0.266280,-0.012928,139.123518,79.900381
2026-03-27,129.975238,178.466648,-0.271711,-0.007402,144.359271,84.090243
2026-04-03,131.208868,178.466648,-0.264799,0.009491,145.892392,83.387050
2026-04-10,129.670180,178.466648,-0.273421,-0.011727,144.879954,84.764137
2026-04-17,126.676734,178.466648,-0.290194,-0.023085,151.562048,92.587167
2026-04-24,125.256601,178.466648,-0.298151,-0.011211,141.784784,88.690302
2026-05-01,126.977676,178.466648,-0.288508,0.013740,144.229100,87.782010
2026-05-08,126.018955,178.466648,-0.293880,-0.007550,142.869540,88.280105
2026-05-15,120.205661,178.466648,-0.326453,-0.046130,138.602835,93.788456
2026-05-22,122.181717,178.466648,-0.315381,0.016439,136.708128,89.422795
2026-05-29,119.049554,178.466648,-0.332931,-0.025635,122.129014,84.471140
2026-06-05,119.390429,178.466648,-0.331021,0.002863,123.040208,84.617638
2026-06-12,117.588839,178.466648,-0.341116,-0.015090,117.963552,83.680047
2026-06-19,118.185134,178.466648,-0.337775,0.005071,115.070871,80.779373
2026-06-26,120.622016,178.466648,-0.324120,0.020619,110.717385,74.392030
