universe,asset_id,code,ticker,company_name,sector,index_weight_pct,constituent_vintage,source_url,source_note,price_source_note
Hang Seng Index,1,5,0005.HK,HSBC HOLDINGS,Finance,8.26,July 2023 (list in force 2023-06-05 to 2023-09-03),https://www.hsi.com.hk/static/uploads/contents/en/news/pressRelease/20230818T183005.pdf,"Hang Seng Indexes review announced 18 August 2023 (quarter ended 30 June 2023), Appendix 1. Rows carrying a pre-review weight are the 80 constituents in force during July 2023. Sinopharm (1099) entered and Country Garden (2007) left on 4 September 2023; Li Auto (2015) and WuXi AppTec (2359) were added on 4 December 2023, taking the index from 80 to 82.",Yahoo Finance daily OHLCV; Hang Seng Bank (0011.HK) history is no longer served
Hang Seng Index,2,1299,1299.HK,AIA,Finance,7.13,July 2023 (list in force 2023-06-05 to 2023-09-03),https://www.hsi.com.hk/static/uploads/contents/en/news/pressRelease/20230818T183005.pdf,"Hang Seng Indexes review announced 18 August 2023 (quarter ended 30 June 2023), Appendix 1. Rows carrying a pre-review weight are the 80 constituents in force during July 2023. Sinopharm (1099) entered and Country Garden (2007) left on 4 September 2023; Li Auto (2015) and WuXi AppTec (2359) were added on 4 December 2023, taking the index from 80 to 82.",Yahoo Finance daily OHLCV; Hang Seng Bank (0011.HK) history is no longer served
Hang Seng Index,3,939,0939.HK,CCB,Finance,3.9,July 2023 (list in force 2023-06-05 to 2023-09-03),https://www.hsi.com.hk/static/uploads/contents/en/news/pressRelease/20230818T183005.pdf,"Hang Seng Indexes review announced 18 August 2023 (quarter ended 30 June 2023), Appendix 1. Rows carrying a pre-review weight are the 80 constituents in force during July 2023. Sinopharm (1099) entered and Country Garden (2007) left on 4 September 2023; Li Auto (2015) and WuXi AppTec (2359) were added on 4 December 2023, taking the index from 80 to 82.",Yahoo Finance daily OHLCV; Hang Seng Bank (0011.HK) history is no longer served
Hang Seng Index,4,388,0388.HK,HKEX,Finance,3.16,July 2023 (list in force 2023-06-05 to 2023-09-03),https://www.hsi.com.hk/static/uploads/contents/en/news/pressRelease/20230818T183005.pdf,"Hang Seng Indexes review announced 18 August 2023 (quarter ended 30 June 2023), Appendix 1. Rows carrying a pre-review weight are the 80 constituents in force during July 2023. Sinopharm (1099) entered and Country Garden (2007) left on 4 September 2023; Li Auto (2015) and WuXi AppTec (2359) were added on 4 December 2023, taking the index from 80 to 82.",Yahoo Finance daily OHLCV; Hang Seng Bank (0011.HK) history is no longer served
Hang Seng Index,5,2318,2318.HK,PING AN,Finance,2.63,July 2023 (list in force 2023-06-05 to 2023-09-03),https://www.hsi.com.hk/static/uploads/contents/en/news/pressRelease/20230818T183005.pdf,"Hang Seng Indexes review announced 18 August 2023 (quarter ended 30 June 2023), Appendix 1. Rows carrying a pre-review weight are the 80 constituents in force during July 2023. Sinopharm (1099) entered and Country Garden (2007) left on 4 September 2023; Li Auto (2015) and WuXi AppTec (2359) were added on 4 December 2023, taking the index from 80 to 82.",Yahoo Finance daily OHLCV; Hang Seng Bank (0011.HK) history is no longer served
Hang Seng Index,6,1398,1398.HK,ICBC,Finance,2.21,July 2023 (list in force 2023-06-05 to 2023-09-03),https://www.hsi.com.hk/static/uploads/contents/en/news/pressRelease/20230818T183005.pdf,"Hang Seng Indexes review announced 18 August 2023 (quarter ended 30 June 2023), Appendix 1. Rows carrying a pre-review weight are the 80 constituents in force during July 2023. Sinopharm (1099) entered and Country Garden (2007) left on 4 September 2023; Li Auto (2015) and WuXi AppTec (2359) were added on 4 December 2023, taking the index from 80 to 82.",Yahoo Finance daily OHLCV; Hang Seng Bank (0011.HK) history is no longer served
Hang Seng Index,7,3988,3988.HK,BANK OF CHINA,Finance,1.95,July 2023 (list in force 2023-06-05 to 2023-09-03),https://www.hsi.com.hk/static/uploads/contents/en/news/pressRelease/20230818T183005.pdf,"Hang Seng Indexes review announced 18 August 2023 (quarter ended 30 June 2023), Appendix 1. Rows carrying a pre-review weight are the 80 constituents in force during July 2023. Sinopharm (1099) entered and Country Garden (2007) left on 4 September 2023; Li Auto (2015) and WuXi AppTec (2359) were added on 4 December 2023, taking the index from 80 to 82.",Yahoo Finance daily OHLCV; Hang Seng Bank (0011.HK) history is no longer served
Hang Seng Index,8,3968,3968.HK,CM BANK,Finance,1.08,July 2023 (list in force 2023-06-05 to 2023-09-03),https://www.hsi.com.hk/static/uploads/contents/en/news/pressRelease/20230818T183005.pdf,"Hang Seng Indexes review announced 18 August 2023 (quarter ended 30 June 2023), Appendix 1. Rows carrying a pre-review weight are the 80 constituents in force during July 2023. Sinopharm (1099) entered and Country Garden (2007) left on 4 September 2023; Li Auto (2015) and WuXi AppTec (2359) were added on 4 December 2023, taking the index from 80 to 82.",Yahoo Finance daily OHLCV; Hang Seng Bank (0011.HK) history is no longer served
Hang Seng Index,9,2628,2628.HK,CHINA LIFE,Finance,0.77,July 2023 (list in force 2023-06-05 to 2023-09-03),https://www.hsi.com.hk/static/uploads/contents/en/news/pressRelease/20230818T183005.pdf,"Hang Seng Indexes review announced 18 August 2023 (quarter ended 30 June 2023), Appendix 1. Rows carrying a pre-review weight are the 80 constituents in force during July 2023. Sinopharm (1099) entered and Country Garden (2007) left on 4 September 2023; Li Auto (2015) and WuXi AppTec (2359) were added on 4 December 2023, taking the index from 80 to 82.",Yahoo Finance daily OHLCV; Hang Seng Bank (0011.HK) history is no longer served
Hang Seng Index,10,2388,2388.HK,BOC HONG KONG,Finance,0.71,July 2023 (list in force 2023-06-05 to 2023-09-03),https://www.hsi.com.hk/static/uploads/contents/en/news/pressRelease/20230818T183005.pdf,"Hang Seng Indexes review announced 18 August 2023 (quarter ended 30 June 2023), Appendix 1. Rows carrying a pre-review weight are the 80 constituents in force during July 2023. Sinopharm (1099) entered and Country Garden (2007) left on 4 September 2023; Li Auto (2015) and WuXi AppTec (2359) were added on 4 December 2023, taking the index from 80 to 82.",Yahoo Finance daily OHLCV; Hang Seng Bank (0011.HK) history is no longer served
Hang Seng Index,11,11,0011.HK,HANG SENG BANK,Finance,0.69,July 2023 (list in force 2023-06-05 to 2023-09-03),https://www.hsi.com.hk/static/uploads/contents/en/news/pressRelease/20230818T183005.pdf,"Hang Seng Indexes review announced 18 August 2023 (quarter ended 30 June 2023), Appendix 1. Rows carrying a pre-review weight are the 80 constituents in force during July 2023. Sinopharm (1099) entered and Country Garden (2007) left on 4 September 2023; Li Auto (2015) and WuXi AppTec (2359) were added on 4 December 2023, taking the index from 80 to 82.",Yahoo Finance daily OHLCV; Hang Seng Bank (0011.HK) history is no longer served
Hang Seng Index,12,2,0002.HK,CLP HOLDINGS,Utilities,1.08,July 2023 (list in force 2023-06-05 to 2023-09-03),https://www.hsi.com.hk/static/uploads/contents/en/news/pressRelease/20230818T183005.pdf,"Hang Seng Indexes review announced 18 August 2023 (quarter ended 30 June 2023), Appendix 1. Rows carrying a pre-review weight are the 80 constituents in force during July 2023. Sinopharm (1099) entered and Country Garden (2007) left on 4 September 2023; Li Auto (2015) and WuXi AppTec (2359) were added on 4 December 2023, taking the index from 80 to 82.",Yahoo Finance daily OHLCV; Hang Seng Bank (0011.HK) history is no longer served
Hang Seng Index,13,3,0003.HK,HK & CHINA GAS,Utilities,0.59,July 2023 (list in force 2023-06-05 to 2023-09-03),https://www.hsi.com.hk/static/uploads/contents/en/news/pressRelease/20230818T183005.pdf,"Hang Seng Indexes review announced 18 August 2023 (quarter ended 30 June 2023), Appendix 1. Rows carrying a pre-review weight are the 80 constituents in force during July 2023. Sinopharm (1099) entered and Country Garden (2007) left on 4 September 2023; Li Auto (2015) and WuXi AppTec (2359) were added on 4 December 2023, taking the index from 80 to 82.",Yahoo Finance daily OHLCV; Hang Seng Bank (0011.HK) history is no longer served
Hang Seng Index,14,2688,2688.HK,ENN ENERGY,Utilities,0.58,July 2023 (list in force 2023-06-05 to 2023-09-03),https://www.hsi.com.hk/static/uploads/contents/en/news/pressRelease/20230818T183005.pdf,"Hang Seng Indexes review announced 18 August 2023 (quarter ended 30 June 2023), Appendix 1. Rows carrying a pre-review weight are the 80 constituents in force during July 2023. Sinopharm (1099) entered and Country Garden (2007) left on 4 September 2023; Li Auto (2015) and WuXi AppTec (2359) were added on 4 December 2023, taking the index from 80 to 82.",Yahoo Finance daily OHLCV; Hang Seng Bank (0011.HK) history is no longer served
Hang Seng Index,15,6,0006.HK,POWER ASSETS,Utilities,0.48,July 2023 (list in force 2023-06-05 to 2023-09-03),https://www.hsi.com.hk/static/uploads/contents/en/news/pressRelease/20230818T183005.pdf,"Hang Seng Indexes review announced 18 August 2023 (quarter ended 30 June 2023), Appendix 1. Rows carrying a pre-review weight are the 80 constituents in force during July 2023. Sinopharm (1099) entered and Country Garden (2007) left on 4 September 2023; Li Auto (2015) and WuXi AppTec (2359) were added on 4 December 2023, taking the index from 80 to 82.",Yahoo Finance daily OHLCV; Hang Seng Bank (0011.HK) history is no longer served
Hang Seng Index,16,836,0836.HK,CHINA RES POWER,Utilities,0.27,July 2023 (list in force 2023-06-05 to 2023-09-03),https://www.hsi.com.hk/static/uploads/contents/en/news/pressRelease/20230818T183005.pdf,"Hang Seng Indexes review announced 18 August 2023 (quarter ended 30 June 2023), Appendix 1. Rows carrying a pre-review weight are the 80 constituents in force during July 2023. Sinopharm (1099) entered and Country Garden (2007) left on 4 September 2023; Li Auto (2015) and WuXi AppTec (2359) were added on 4 December 2023, taking the index from 80 to 82.",Yahoo Finance daily OHLCV; Hang Seng Bank (0011.HK) history is no longer served
Hang Seng Index,17,1038,1038.HK,CKI HOLDINGS,Utilities,0.22,July 2023 (list in force 2023-06-05 to 2023-09-03),https://www.hsi.com.hk/static/uploads/contents/en/news/pressRelease/20230818T183005.pdf,"Hang Seng Indexes review announced 18 August 2023 (quarter ended 30 June 2023), Appendix 1. Rows carrying a pre-review weight are the 80 constituents in force during July 2023. Sinopharm (1099) entered and Country Garden (2007) left on 4 September 2023; Li Auto (2015) and WuXi AppTec (2359) were added on 4 December 2023, taking the index from 80 to 82.",Yahoo Finance daily OHLCV; Hang Seng Bank (0011.HK) history is no longer served
Hang Seng Index,18,16,0016.HK,SHK PPT,Properties,1.14,July 2023 (list in force 2023-06-05 to 2023-09-03),https://www.hsi.com.hk/static/uploads/contents/en/news/pressRelease/20230818T183005.pdf,"Hang Seng Indexes review announced 18 August 2023 (quarter ended 30 June 2023), Appendix 1. Rows carrying a pre-review weight are the 80 constituents in force during July 2023. Sinopharm (1099) entered and Country Garden (2007) left on 4 September 2023; Li Auto (2015) and WuXi AppTec (2359) were added on 4 December 2023, taking the index from 80 to 82.",Yahoo Finance daily OHLCV; Hang Seng Bank (0011.HK) history is no longer served
Hang Seng Index,19,1109,1109.HK,CHINA RES LAND,Properties,0.92,July 2023 (list in force 2023-06-05 to 2023-09-03),https://www.hsi.com.hk/static/uploads/contents/en/news/pressRelease/20230818T183005.pdf,"Hang Seng Indexes review announced 18 August 2023 (quarter ended 30 June 2023), Appendix 1. Rows carrying a pre-review weight are the 80 constituents in force during July 2023. Sinopharm (1099) entered and Country Garden (2007) left on 4 September 2023; Li Auto (2015) and WuXi AppTec (2359) were added on 4 December 2023, taking the index from 80 to 82.",Yahoo Finance daily OHLCV; Hang Seng Bank (0011.HK) history is no longer served
Hang Seng Index,20,823,0823.HK,LINK REIT,Properties,0.87,July 2023 (list in force 2023-06-05 to 2023-09-03),https://www.hsi.com.hk/static/uploads/contents/en/news/pressRelease/20230818T183005.pdf,"Hang Seng Indexes review announced 18 August 2023 (quarter ended 30 June 2023), Appendix 1. Rows carrying a pre-review weight are the 80 constituents in force during July 2023. Sinopharm (1099) entered and Country Garden (2007) left on 4 September 2023; Li Auto (2015) and WuXi AppTec (2359) were added on 4 December 2023, taking the index from 80 to 82.",Yahoo Finance daily OHLCV; Hang Seng Bank (0011.HK) history is no longer served
Hang Seng Index,21,1113,1113.HK,CK ASSET,Properties,0.74,July 2023 (list in force 2023-06-05 to 2023-09-03),https://www.hsi.com.hk/static/uploads/contents/en/news/pressRelease/20230818T183005.pdf,"Hang Seng Indexes review announced 18 August 2023 (quarter ended 30 June 2023), Appendix 1. Rows carrying a pre-review weight are the 80 constituents in force during July 2023. Sinopharm (1099) entered and Country Garden (2007) left on 4 September 2023; Li Auto (2015) and WuXi AppTec (2359) were added on 4 December 2023, taking the index from 80 to 82.",Yahoo Finance daily OHLCV; Hang Seng Bank (0011.HK) history is no longer served
Hang Seng Index,22,688,0688.HK,CHINA OVERSEAS,Properties,0.56,July 2023 (list in force 2023-06-05 to 2023-09-03),https://www.hsi.com.hk/static/uploads/contents/en/news/pressRelease/20230818T183005.pdf,"Hang Seng Indexes review announced 18 August 2023 (quarter ended 30 June 2023), Appendix 1. Rows carrying a pre-review weight are the 80 constituents in force during July 2023. Sinopharm (1099) entered and Country Garden (2007) left on 4 September 2023; Li Auto (2015) and WuXi AppTec (2359) were added on 4 December 2023, taking the index from 80 to 82.",Yahoo Finance daily OHLCV; Hang Seng Bank (0011.HK) history is no longer served
Hang Seng Index,23,1997,1997.HK,WHARF REIC,Properties,0.48,July 2023 (list in force 2023-06-05 to 2023-09-03),https://www.hsi.com.hk/static/uploads/contents/en/news/pressRelease/20230818T183005.pdf,"Hang Seng Indexes review announced 18 August 2023 (quarter ended 30 June 2023), Appendix 1. Rows carrying a pre-review weight are the 80 constituents in force during July 2023. Sinopharm (1099) entered and Country Garden (2007) left on 4 September 2023; Li Auto (2015) and WuXi AppTec (2359) were added on 4 December 2023, taking the index from 80 to 82.",Yahoo Finance daily OHLCV; Hang Seng Bank (0011.HK) history is no longer served
Hang Seng Index,24,960,0960.HK,LONGFOR GROUP,Properties,0.3,July 2023 (list in force 2023-06-05 to 2023-09-03),https://www.hsi.com.hk/static/uploads/contents/en/news/pressRelease/20230818T183005.pdf,"Hang Seng Indexes review announced 18 August 2023 (quarter ended 30 June 2023), Appendix 1. Rows carrying a pre-review weight are the 80 constituents in force during July 2023. Sinopharm (1099) entered and Country Garden (2007) left on 4 September 2023; Li Auto (2015) and WuXi AppTec (2359) were added on 4 December 2023, taking the index from 80 to 82.",Yahoo Finance daily OHLCV; Hang Seng Bank (0011.HK) history is no longer served
Hang Seng Index,25,12,0012.HK,HENDERSON LAND,Properties,0.27,July 2023 (list in force 2023-06-05 to 2023-09-03),https://www.hsi.com.hk/static/uploads/contents/en/news/pressRelease/20230818T183005.pdf,"Hang Seng Indexes review announced 18 August 2023 (quarter ended 30 June 2023), Appendix 1. Rows carrying a pre-review weight are the 80 constituents in force during July 2023. Sinopharm (1099) entered and Country Garden (2007) left on 4 September 2023; Li Auto (2015) and WuXi AppTec (2359) were added on 4 December 2023, taking the index from 80 to 82.",Yahoo Finance daily OHLCV; Hang Seng Bank (0011.HK) history is no longer served
Hang Seng Index,26,17,0017.HK,NEW WORLD DEV,Properties,0.21,July 2023 (list in force 2023-06-05 to 2023-09-03),https://www.hsi.com.hk/static/uploads/contents/en/news/pressRelease/20230818T183005.pdf,"Hang Seng Indexes review announced 18 August 2023 (quarter ended 30 June 2023), Appendix 1. Rows carrying a pre-review weight are the 80 constituents in force during July 2023. Sinopharm (1099) entered and Country Garden (2007) left on 4 September 2023; Li Auto (2015) and WuXi AppTec (2359) were added on 4 December 2023, taking the index from 80 to 82.",Yahoo Finance daily OHLCV; Hang Seng Bank (0011.HK) history is no longer served
Hang Seng Index,27,1209,1209.HK,CHINA RES MIXC,Properties,0.21,July 2023 (list in force 2023-06-05 to 2023-09-03),https://www.hsi.com.hk/static/uploads/contents/en/news/pressRelease/20230818T183005.pdf,"Hang Seng Indexes review announced 18 August 2023 (quarter ended 30 June 2023), Appendix 1. Rows carrying a pre-review weight are the 80 constituents in force during July 2023. Sinopharm (1099) entered and Country Garden (2007) left on 4 September 2023; Li Auto (2015) and WuXi AppTec (2359) were added on 4 December 2023, taking the index from 80 to 82.",Yahoo Finance daily OHLCV; Hang Seng Bank (0011.HK) history is no longer served
Hang Seng Index,28,101,0101.HK,HANG LUNG PPT,Properties,0.16,July 2023 (list in force 2023-06-05 to 2023-09-03),https://www.hsi.com.hk/static/uploads/contents/en/news/pressRelease/20230818T183005.pdf,"Hang Seng Indexes review announced 18 August 2023 (quarter ended 30 June 2023), Appendix 1. Rows carrying a pre-review weight are the 80 constituents in force during July 2023. Sinopharm (1099) entered and Country Garden (2007) left on 4 September 2023; Li Auto (2015) and WuXi AppTec (2359) were added on 4 December 2023, taking the index from 80 to 82.",Yahoo Finance daily OHLCV; Hang Seng Bank (0011.HK) history is no longer served
Hang Seng Index,29,6098,6098.HK,CG SERVICES,Properties,0.14,July 2023 (list in force 2023-06-05 to 2023-09-03),https://www.hsi.com.hk/static/uploads/contents/en/news/pressRelease/20230818T183005.pdf,"Hang Seng Indexes review announced 18 August 2023 (quarter ended 30 June 2023), Appendix 1. Rows carrying a pre-review weight are the 80 constituents in force during July 2023. Sinopharm (1099) entered and Country Garden (2007) left on 4 September 2023; Li Auto (2015) and WuXi AppTec (2359) were added on 4 December 2023, taking the index from 80 to 82.",Yahoo Finance daily OHLCV; Hang Seng Bank (0011.HK) history is no longer served
Hang Seng Index,30,2007,2007.HK,COUNTRY GARDEN,Properties,0.09,July 2023 (list in force 2023-06-05 to 2023-09-03),https://www.hsi.com.hk/static/uploads/contents/en/news/pressRelease/20230818T183005.pdf,"Hang Seng Indexes review announced 18 August 2023 (quarter ended 30 June 2023), Appendix 1. Rows carrying a pre-review weight are the 80 constituents in force during July 2023. Sinopharm (1099) entered and Country Garden (2007) left on 4 September 2023; Li Auto (2015) and WuXi AppTec (2359) were added on 4 December 2023, taking the index from 80 to 82.",Yahoo Finance daily OHLCV; Hang Seng Bank (0011.HK) history is no longer served
Hang Seng Index,31,700,0700.HK,TENCENT,Commerce & Industry,8.43,July 2023 (list in force 2023-06-05 to 2023-09-03),https://www.hsi.com.hk/static/uploads/contents/en/news/pressRelease/20230818T183005.pdf,"Hang Seng Indexes review announced 18 August 2023 (quarter ended 30 June 2023), Appendix 1. Rows carrying a pre-review weight are the 80 constituents in force during July 2023. Sinopharm (1099) entered and Country Garden (2007) left on 4 September 2023; Li Auto (2015) and WuXi AppTec (2359) were added on 4 December 2023, taking the index from 80 to 82.",Yahoo Finance daily OHLCV; Hang Seng Bank (0011.HK) history is no longer served
Hang Seng Index,32,9988,9988.HK,BABA - SW,Commerce & Industry,9.1,July 2023 (list in force 2023-06-05 to 2023-09-03),https://www.hsi.com.hk/static/uploads/contents/en/news/pressRelease/20230818T183005.pdf,"Hang Seng Indexes review announced 18 August 2023 (quarter ended 30 June 2023), Appendix 1. Rows carrying a pre-review weight are the 80 constituents in force during July 2023. Sinopharm (1099) entered and Country Garden (2007) left on 4 September 2023; Li Auto (2015) and WuXi AppTec (2359) were added on 4 December 2023, taking the index from 80 to 82.",Yahoo Finance daily OHLCV; Hang Seng Bank (0011.HK) history is no longer served
Hang Seng Index,33,3690,3690.HK,MEITUAN - W,Commerce & Industry,6.51,July 2023 (list in force 2023-06-05 to 2023-09-03),https://www.hsi.com.hk/static/uploads/contents/en/news/pressRelease/20230818T183005.pdf,"Hang Seng Indexes review announced 18 August 2023 (quarter ended 30 June 2023), Appendix 1. Rows carrying a pre-review weight are the 80 constituents in force during July 2023. Sinopharm (1099) entered and Country Garden (2007) left on 4 September 2023; Li Auto (2015) and WuXi AppTec (2359) were added on 4 December 2023, taking the index from 80 to 82.",Yahoo Finance daily OHLCV; Hang Seng Bank (0011.HK) history is no longer served
Hang Seng Index,34,941,0941.HK,CHINA MOBILE,Commerce & Industry,3.52,July 2023 (list in force 2023-06-05 to 2023-09-03),https://www.hsi.com.hk/static/uploads/contents/en/news/pressRelease/20230818T183005.pdf,"Hang Seng Indexes review announced 18 August 2023 (quarter ended 30 June 2023), Appendix 1. Rows carrying a pre-review weight are the 80 constituents in force during July 2023. Sinopharm (1099) entered and Country Garden (2007) left on 4 September 2023; Li Auto (2015) and WuXi AppTec (2359) were added on 4 December 2023, taking the index from 80 to 82.",Yahoo Finance daily OHLCV; Hang Seng Bank (0011.HK) history is no longer served
Hang Seng Index,35,9618,9618.HK,JD - SW,Commerce & Industry,2.14,July 2023 (list in force 2023-06-05 to 2023-09-03),https://www.hsi.com.hk/static/uploads/contents/en/news/pressRelease/20230818T183005.pdf,"Hang Seng Indexes review announced 18 August 2023 (quarter ended 30 June 2023), Appendix 1. Rows carrying a pre-review weight are the 80 constituents in force during July 2023. Sinopharm (1099) entered and Country Garden (2007) left on 4 September 2023; Li Auto (2015) and WuXi AppTec (2359) were added on 4 December 2023, taking the index from 80 to 82.",Yahoo Finance daily OHLCV; Hang Seng Bank (0011.HK) history is no longer served
Hang Seng Index,36,1211,1211.HK,BYD COMPANY,Commerce & Industry,1.99,July 2023 (list in force 2023-06-05 to 2023-09-03),https://www.hsi.com.hk/static/uploads/contents/en/news/pressRelease/20230818T183005.pdf,"Hang Seng Indexes review announced 18 August 2023 (quarter ended 30 June 2023), Appendix 1. Rows carrying a pre-review weight are the 80 constituents in force during July 2023. Sinopharm (1099) entered and Country Garden (2007) left on 4 September 2023; Li Auto (2015) and WuXi AppTec (2359) were added on 4 December 2023, taking the index from 80 to 82.",Yahoo Finance daily OHLCV; Hang Seng Bank (0011.HK) history is no longer served
Hang Seng Index,37,1810,1810.HK,XIAOMI - W,Commerce & Industry,1.8,July 2023 (list in force 2023-06-05 to 2023-09-03),https://www.hsi.com.hk/static/uploads/contents/en/news/pressRelease/20230818T183005.pdf,"Hang Seng Indexes review announced 18 August 2023 (quarter ended 30 June 2023), Appendix 1. Rows carrying a pre-review weight are the 80 constituents in force during July 2023. Sinopharm (1099) entered and Country Garden (2007) left on 4 September 2023; Li Auto (2015) and WuXi AppTec (2359) were added on 4 December 2023, taking the index from 80 to 82.",Yahoo Finance daily OHLCV; Hang Seng Bank (0011.HK) history is no longer served
Hang Seng Index,38,883,0883.HK,CNOOC,Commerce & Industry,1.72,July 2023 (list in force 2023-06-05 to 2023-09-03),https://www.hsi.com.hk/static/uploads/contents/en/news/pressRelease/20230818T183005.pdf,"Hang Seng Indexes review announced 18 August 2023 (quarter ended 30 June 2023), Appendix 1. Rows carrying a pre-review weight are the 80 constituents in force during July 2023. Sinopharm (1099) entered and Country Garden (2007) left on 4 September 2023; Li Auto (2015) and WuXi AppTec (2359) were added on 4 December 2023, taking the index from 80 to 82.",Yahoo Finance daily OHLCV; Hang Seng Bank (0011.HK) history is no longer served
Hang Seng Index,39,2269,2269.HK,WUXI BIO,Commerce & Industry,1.39,July 2023 (list in force 2023-06-05 to 2023-09-03),https://www.hsi.com.hk/static/uploads/contents/en/news/pressRelease/20230818T183005.pdf,"Hang Seng Indexes review announced 18 August 2023 (quarter ended 30 June 2023), Appendix 1. Rows carrying a pre-review weight are the 80 constituents in force during July 2023. Sinopharm (1099) entered and Country Garden (2007) left on 4 September 2023; Li Auto (2015) and WuXi AppTec (2359) were added on 4 December 2023, taking the index from 80 to 82.",Yahoo Finance daily OHLCV; Hang Seng Bank (0011.HK) history is no longer served
Hang Seng Index,40,669,0669.HK,TECHTRONIC IND,Commerce & Industry,1.11,July 2023 (list in force 2023-06-05 to 2023-09-03),https://www.hsi.com.hk/static/uploads/contents/en/news/pressRelease/20230818T183005.pdf,"Hang Seng Indexes review announced 18 August 2023 (quarter ended 30 June 2023), Appendix 1. Rows carrying a pre-review weight are the 80 constituents in force during July 2023. Sinopharm (1099) entered and Country Garden (2007) left on 4 September 2023; Li Auto (2015) and WuXi AppTec (2359) were added on 4 December 2023, taking the index from 80 to 82.",Yahoo Finance daily OHLCV; Hang Seng Bank (0011.HK) history is no longer served
Hang Seng Index,41,857,0857.HK,PETROCHINA,Commerce & Industry,1.04,July 2023 (list in force 2023-06-05 to 2023-09-03),https://www.hsi.com.hk/static/uploads/contents/en/news/pressRelease/20230818T183005.pdf,"Hang Seng Indexes review announced 18 August 2023 (quarter ended 30 June 2023), Appendix 1. Rows carrying a pre-review weight are the 80 constituents in force during July 2023. Sinopharm (1099) entered and Country Garden (2007) left on 4 September 2023; Li Auto (2015) and WuXi AppTec (2359) were added on 4 December 2023, taking the index from 80 to 82.",Yahoo Finance daily OHLCV; Hang Seng Bank (0011.HK) history is no longer served
Hang Seng Index,42,27,0027.HK,GALAXY ENT,Commerce & Industry,1.01,July 2023 (list in force 2023-06-05 to 2023-09-03),https://www.hsi.com.hk/static/uploads/contents/en/news/pressRelease/20230818T183005.pdf,"Hang Seng Indexes review announced 18 August 2023 (quarter ended 30 June 2023), Appendix 1. Rows carrying a pre-review weight are the 80 constituents in force during July 2023. Sinopharm (1099) entered and Country Garden (2007) left on 4 September 2023; Li Auto (2015) and WuXi AppTec (2359) were added on 4 December 2023, taking the index from 80 to 82.",Yahoo Finance daily OHLCV; Hang Seng Bank (0011.HK) history is no longer served
Hang Seng Index,43,2020,2020.HK,ANTA SPORTS,Commerce & Industry,0.95,July 2023 (list in force 2023-06-05 to 2023-09-03),https://www.hsi.com.hk/static/uploads/contents/en/news/pressRelease/20230818T183005.pdf,"Hang Seng Indexes review announced 18 August 2023 (quarter ended 30 June 2023), Appendix 1. Rows carrying a pre-review weight are the 80 constituents in force during July 2023. Sinopharm (1099) entered and Country Garden (2007) left on 4 September 2023; Li Auto (2015) and WuXi AppTec (2359) were added on 4 December 2023, taking the index from 80 to 82.",Yahoo Finance daily OHLCV; Hang Seng Bank (0011.HK) history is no longer served
Hang Seng Index,44,1,0001.HK,CKH HOLDINGS,Commerce & Industry,0.99,July 2023 (list in force 2023-06-05 to 2023-09-03),https://www.hsi.com.hk/static/uploads/contents/en/news/pressRelease/20230818T183005.pdf,"Hang Seng Indexes review announced 18 August 2023 (quarter ended 30 June 2023), Appendix 1. Rows carrying a pre-review weight are the 80 constituents in force during July 2023. Sinopharm (1099) entered and Country Garden (2007) left on 4 September 2023; Li Auto (2015) and WuXi AppTec (2359) were added on 4 December 2023, taking the index from 80 to 82.",Yahoo Finance daily OHLCV; Hang Seng Bank (0011.HK) history is no longer served
Hang Seng Index,45,9999,9999.HK,NTES - S,Commerce & Industry,0.98,July 2023 (list in force 2023-06-05 to 2023-09-03),https://www.hsi.com.hk/static/uploads/contents/en/news/pressRelease/20230818T183005.pdf,"Hang Seng Indexes review announced 18 August 2023 (quarter ended 30 June 2023), Appendix 1. Rows carrying a pre-review weight are the 80 constituents in force during July 2023. Sinopharm (1099) entered and Country Garden (2007) left on 4 September 2023; Li Auto (2015) and WuXi AppTec (2359) were added on 4 December 2023, taking the index from 80 to 82.",Yahoo Finance daily OHLCV; Hang Seng Bank (0011.HK) history is no longer served
Hang Seng Index,46,386,0386.HK,SINOPEC CORP,Commerce & Industry,0.93,July 2023 (list in force 2023-06-05 to 2023-09-03),https://www.hsi.com.hk/static/uploads/contents/en/news/pressRelease/20230818T183005.pdf,"Hang Seng Indexes review announced 18 August 2023 (quarter ended 30 June 2023), Appendix 1. Rows carrying a pre-review weight are the 80 constituents in force during July 2023. Sinopharm (1099) entered and Country Garden (2007) left on 4 September 2023; Li Auto (2015) and WuXi AppTec (2359) were added on 4 December 2023, taking the index from 80 to 82.",Yahoo Finance daily OHLCV; Hang Seng Bank (0011.HK) history is no longer served
Hang Seng Index,47,2331,2331.HK,LI NING,Commerce & Industry,0.82,July 2023 (list in force 2023-06-05 to 2023-09-03),https://www.hsi.com.hk/static/uploads/contents/en/news/pressRelease/20230818T183005.pdf,"Hang Seng Indexes review announced 18 August 2023 (quarter ended 30 June 2023), Appendix 1. Rows carrying a pre-review weight are the 80 constituents in force during July 2023. Sinopharm (1099) entered and Country Garden (2007) left on 4 September 2023; Li Auto (2015) and WuXi AppTec (2359) were added on 4 December 2023, taking the index from 80 to 82.",Yahoo Finance daily OHLCV; Hang Seng Bank (0011.HK) history is no longer served
Hang Seng Index,48,9888,9888.HK,BIDU - SW,Commerce & Industry,0.81,July 2023 (list in force 2023-06-05 to 2023-09-03),https://www.hsi.com.hk/static/uploads/contents/en/news/pressRelease/20230818T183005.pdf,"Hang Seng Indexes review announced 18 August 2023 (quarter ended 30 June 2023), Appendix 1. Rows carrying a pre-review weight are the 80 constituents in force during July 2023. Sinopharm (1099) entered and Country Garden (2007) left on 4 September 2023; Li Auto (2015) and WuXi AppTec (2359) were added on 4 December 2023, taking the index from 80 to 82.",Yahoo Finance daily OHLCV; Hang Seng Bank (0011.HK) history is no longer served
Hang Seng Index,49,9633,9633.HK,NONGFU SPRING,Commerce & Industry,0.76,July 2023 (list in force 2023-06-05 to 2023-09-03),https://www.hsi.com.hk/static/uploads/contents/en/news/pressRelease/20230818T183005.pdf,"Hang Seng Indexes review announced 18 August 2023 (quarter ended 30 June 2023), Appendix 1. Rows carrying a pre-review weight are the 80 constituents in force during July 2023. Sinopharm (1099) entered and Country Garden (2007) left on 4 September 2023; Li Auto (2015) and WuXi AppTec (2359) were added on 4 December 2023, taking the index from 80 to 82.",Yahoo Finance daily OHLCV; Hang Seng Bank (0011.HK) history is no longer served
Hang Seng Index,50,2319,2319.HK,MENGNIU DAIRY,Commerce & Industry,0.7,July 2023 (list in force 2023-06-05 to 2023-09-03),https://www.hsi.com.hk/static/uploads/contents/en/news/pressRelease/20230818T183005.pdf,"Hang Seng Indexes review announced 18 August 2023 (quarter ended 30 June 2023), Appendix 1. Rows carrying a pre-review weight are the 80 constituents in force during July 2023. Sinopharm (1099) entered and Country Garden (2007) left on 4 September 2023; Li Auto (2015) and WuXi AppTec (2359) were added on 4 December 2023, taking the index from 80 to 82.",Yahoo Finance daily OHLCV; Hang Seng Bank (0011.HK) history is no longer served
Hang Seng Index,51,1928,1928.HK,SANDS CHINA LTD,Commerce & Industry,0.68,July 2023 (list in force 2023-06-05 to 2023-09-03),https://www.hsi.com.hk/static/uploads/contents/en/news/pressRelease/20230818T183005.pdf,"Hang Seng Indexes review announced 18 August 2023 (quarter ended 30 June 2023), Appendix 1. Rows carrying a pre-review weight are the 80 constituents in force during July 2023. Sinopharm (1099) entered and Country Garden (2007) left on 4 September 2023; Li Auto (2015) and WuXi AppTec (2359) were added on 4 December 2023, taking the index from 80 to 82.",Yahoo Finance daily OHLCV; Hang Seng Bank (0011.HK) history is no longer served
Hang Seng Index,52,1088,1088.HK,CHINA SHENHUA,Commerce & Industry,0.65,July 2023 (list in force 2023-06-05 to 2023-09-03),https://www.hsi.com.hk/static/uploads/contents/en/news/pressRelease/20230818T183005.pdf,"Hang Seng Indexes review announced 18 August 2023 (quarter ended 30 June 2023), Appendix 1. Rows carrying a pre-review weight are the 80 constituents in force during July 2023. Sinopharm (1099) entered and Country Garden (2007) left on 4 September 2023; Li Auto (2015) and WuXi AppTec (2359) were added on 4 December 2023, taking the index from 80 to 82.",Yahoo Finance daily OHLCV; Hang Seng Bank (0011.HK) history is no longer served
Hang Seng Index,53,291,0291.HK,CHINA RES BEER,Commerce & Industry,0.64,July 2023 (list in force 2023-06-05 to 2023-09-03),https://www.hsi.com.hk/static/uploads/contents/en/news/pressRelease/20230818T183005.pdf,"Hang Seng Indexes review announced 18 August 2023 (quarter ended 30 June 2023), Appendix 1. Rows carrying a pre-review weight are the 80 constituents in force during July 2023. Sinopharm (1099) entered and Country Garden (2007) left on 4 September 2023; Li Auto (2015) and WuXi AppTec (2359) were added on 4 December 2023, taking the index from 80 to 82.",Yahoo Finance daily OHLCV; Hang Seng Bank (0011.HK) history is no longer served
Hang Seng Index,54,981,0981.HK,SMIC,Commerce & Industry,0.64,July 2023 (list in force 2023-06-05 to 2023-09-03),https://www.hsi.com.hk/static/uploads/contents/en/news/pressRelease/20230818T183005.pdf,"Hang Seng Indexes review announced 18 August 2023 (quarter ended 30 June 2023), Appendix 1. Rows carrying a pre-review weight are the 80 constituents in force during July 2023. Sinopharm (1099) entered and Country Garden (2007) left on 4 September 2023; Li Auto (2015) and WuXi AppTec (2359) were added on 4 December 2023, taking the index from 80 to 82.",Yahoo Finance daily OHLCV; Hang Seng Bank (0011.HK) history is no longer served
Hang Seng Index,55,2899,2899.HK,ZIJIN MINING,Commerce & Industry,0.58,July 2023 (list in force 2023-06-05 to 2023-09-03),https://www.hsi.com.hk/static/uploads/contents/en/news/pressRelease/20230818T183005.pdf,"Hang Seng Indexes review announced 18 August 2023 (quarter ended 30 June 2023), Appendix 1. Rows carrying a pre-review weight are the 80 constituents in force during July 2023. Sinopharm (1099) entered and Country Garden (2007) left on 4 September 2023; Li Auto (2015) and WuXi AppTec (2359) were added on 4 December 2023, taking the index from 80 to 82.",Yahoo Finance daily OHLCV; Hang Seng Bank (0011.HK) history is no longer served
Hang Seng Index,56,2313,2313.HK,SHENZHOU INTL,Commerce & Industry,0.56,July 2023 (list in force 2023-06-05 to 2023-09-03),https://www.hsi.com.hk/static/uploads/contents/en/news/pressRelease/20230818T183005.pdf,"Hang Seng Indexes review announced 18 August 2023 (quarter ended 30 June 2023), Appendix 1. Rows carrying a pre-review weight are the 80 constituents in force during July 2023. Sinopharm (1099) entered and Country Garden (2007) left on 4 September 2023; Li Auto (2015) and WuXi AppTec (2359) were added on 4 December 2023, taking the index from 80 to 82.",Yahoo Finance daily OHLCV; Hang Seng Bank (0011.HK) history is no longer served
Hang Seng Index,57,66,0066.HK,MTR CORPORATION,Commerce & Industry,0.55,July 2023 (list in force 2023-06-05 to 2023-09-03),https://www.hsi.com.hk/static/uploads/contents/en/news/pressRelease/20230818T183005.pdf,"Hang Seng Indexes review announced 18 August 2023 (quarter ended 30 June 2023), Appendix 1. Rows carrying a pre-review weight are the 80 constituents in force during July 2023. Sinopharm (1099) entered and Country Garden (2007) left on 4 September 2023; Li Auto (2015) and WuXi AppTec (2359) were added on 4 December 2023, taking the index from 80 to 82.",Yahoo Finance daily OHLCV; Hang Seng Bank (0011.HK) history is no longer served
Hang Seng Index,58,992,0992.HK,LENOVO GROUP,Commerce & Industry,0.5,July 2023 (list in force 2023-06-05 to 2023-09-03),https://www.hsi.com.hk/static/uploads/contents/en/news/pressRelease/20230818T183005.pdf,"Hang Seng Indexes review announced 18 August 2023 (quarter ended 30 June 2023), Appendix 1. Rows carrying a pre-review weight are the 80 constituents in force during July 2023. Sinopharm (1099) entered and Country Garden (2007) left on 4 September 2023; Li Auto (2015) and WuXi AppTec (2359) were added on 4 December 2023, taking the index from 80 to 82.",Yahoo Finance daily OHLCV; Hang Seng Bank (0011.HK) history is no longer served
Hang Seng Index,59,175,0175.HK,GEELY AUTO,Commerce & Industry,0.51,July 2023 (list in force 2023-06-05 to 2023-09-03),https://www.hsi.com.hk/static/uploads/contents/en/news/pressRelease/20230818T183005.pdf,"Hang Seng Indexes review announced 18 August 2023 (quarter ended 30 June 2023), Appendix 1. Rows carrying a pre-review weight are the 80 constituents in force during July 2023. Sinopharm (1099) entered and Country Garden (2007) left on 4 September 2023; Li Auto (2015) and WuXi AppTec (2359) were added on 4 December 2023, taking the index from 80 to 82.",Yahoo Finance daily OHLCV; Hang Seng Bank (0011.HK) history is no longer served
Hang Seng Index,60,267,0267.HK,CITIC,Commerce & Industry,0.5,July 2023 (list in force 2023-06-05 to 2023-09-03),https://www.hsi.com.hk/static/uploads/contents/en/news/pressRelease/20230818T183005.pdf,"Hang Seng Indexes review announced 18 August 2023 (quarter ended 30 June 2023), Appendix 1. Rows carrying a pre-review weight are the 80 constituents in force during July 2023. Sinopharm (1099) entered and Country Garden (2007) left on 4 September 2023; Li Auto (2015) and WuXi AppTec (2359) were added on 4 December 2023, taking the index from 80 to 82.",Yahoo Finance daily OHLCV; Hang Seng Bank (0011.HK) history is no longer served
Hang Seng Index,61,6618,6618.HK,JD HEALTH,Commerce & Industry,0.49,July 2023 (list in force 2023-06-05 to 2023-09-03),https://www.hsi.com.hk/static/uploads/contents/en/news/pressRelease/20230818T183005.pdf,"Hang Seng Indexes review announced 18 August 2023 (quarter ended 30 June 2023), Appendix 1. Rows carrying a pre-review weight are the 80 constituents in force during July 2023. Sinopharm (1099) entered and Country Garden (2007) left on 4 September 2023; Li Auto (2015) and WuXi AppTec (2359) were added on 4 December 2023, taking the index from 80 to 82.",Yahoo Finance daily OHLCV; Hang Seng Bank (0011.HK) history is no longer served
Hang Seng Index,62,6690,6690.HK,HAIER SMARTHOME,Commerce & Industry,0.49,July 2023 (list in force 2023-06-05 to 2023-09-03),https://www.hsi.com.hk/static/uploads/contents/en/news/pressRelease/20230818T183005.pdf,"Hang Seng Indexes review announced 18 August 2023 (quarter ended 30 June 2023), Appendix 1. Rows carrying a pre-review weight are the 80 constituents in force during July 2023. Sinopharm (1099) entered and Country Garden (2007) left on 4 September 2023; Li Auto (2015) and WuXi AppTec (2359) were added on 4 December 2023, taking the index from 80 to 82.",Yahoo Finance daily OHLCV; Hang Seng Bank (0011.HK) history is no longer served
Hang Seng Index,63,1093,1093.HK,CSPC PHARMA,Commerce & Industry,0.46,July 2023 (list in force 2023-06-05 to 2023-09-03),https://www.hsi.com.hk/static/uploads/contents/en/news/pressRelease/20230818T183005.pdf,"Hang Seng Indexes review announced 18 August 2023 (quarter ended 30 June 2023), Appendix 1. Rows carrying a pre-review weight are the 80 constituents in force during July 2023. Sinopharm (1099) entered and Country Garden (2007) left on 4 September 2023; Li Auto (2015) and WuXi AppTec (2359) were added on 4 December 2023, taking the index from 80 to 82.",Yahoo Finance daily OHLCV; Hang Seng Bank (0011.HK) history is no longer served
Hang Seng Index,64,2382,2382.HK,SUNNY OPTICAL,Commerce & Industry,0.42,July 2023 (list in force 2023-06-05 to 2023-09-03),https://www.hsi.com.hk/static/uploads/contents/en/news/pressRelease/20230818T183005.pdf,"Hang Seng Indexes review announced 18 August 2023 (quarter ended 30 June 2023), Appendix 1. Rows carrying a pre-review weight are the 80 constituents in force during July 2023. Sinopharm (1099) entered and Country Garden (2007) left on 4 September 2023; Li Auto (2015) and WuXi AppTec (2359) were added on 4 December 2023, taking the index from 80 to 82.",Yahoo Finance daily OHLCV; Hang Seng Bank (0011.HK) history is no longer served
Hang Seng Index,65,6862,6862.HK,HAIDILAO,Commerce & Industry,0.38,July 2023 (list in force 2023-06-05 to 2023-09-03),https://www.hsi.com.hk/static/uploads/contents/en/news/pressRelease/20230818T183005.pdf,"Hang Seng Indexes review announced 18 August 2023 (quarter ended 30 June 2023), Appendix 1. Rows carrying a pre-review weight are the 80 constituents in force during July 2023. Sinopharm (1099) entered and Country Garden (2007) left on 4 September 2023; Li Auto (2015) and WuXi AppTec (2359) were added on 4 December 2023, taking the index from 80 to 82.",Yahoo Finance daily OHLCV; Hang Seng Bank (0011.HK) history is no longer served
Hang Seng Index,66,9961,9961.HK,TRIP.COM - S,Commerce & Industry,0.38,July 2023 (list in force 2023-06-05 to 2023-09-03),https://www.hsi.com.hk/static/uploads/contents/en/news/pressRelease/20230818T183005.pdf,"Hang Seng Indexes review announced 18 August 2023 (quarter ended 30 June 2023), Appendix 1. Rows carrying a pre-review weight are the 80 constituents in force during July 2023. Sinopharm (1099) entered and Country Garden (2007) left on 4 September 2023; Li Auto (2015) and WuXi AppTec (2359) were added on 4 December 2023, taking the index from 80 to 82.",Yahoo Finance daily OHLCV; Hang Seng Bank (0011.HK) history is no longer served
Hang Seng Index,67,1177,1177.HK,SINO BIOPHARM,Commerce & Industry,0.31,July 2023 (list in force 2023-06-05 to 2023-09-03),https://www.hsi.com.hk/static/uploads/contents/en/news/pressRelease/20230818T183005.pdf,"Hang Seng Indexes review announced 18 August 2023 (quarter ended 30 June 2023), Appendix 1. Rows carrying a pre-review weight are the 80 constituents in force during July 2023. Sinopharm (1099) entered and Country Garden (2007) left on 4 September 2023; Li Auto (2015) and WuXi AppTec (2359) were added on 4 December 2023, taking the index from 80 to 82.",Yahoo Finance daily OHLCV; Hang Seng Bank (0011.HK) history is no longer served
Hang Seng Index,68,762,0762.HK,CHINA UNICOM,Commerce & Industry,0.31,July 2023 (list in force 2023-06-05 to 2023-09-03),https://www.hsi.com.hk/static/uploads/contents/en/news/pressRelease/20230818T183005.pdf,"Hang Seng Indexes review announced 18 August 2023 (quarter ended 30 June 2023), Appendix 1. Rows carrying a pre-review weight are the 80 constituents in force during July 2023. Sinopharm (1099) entered and Country Garden (2007) left on 4 September 2023; Li Auto (2015) and WuXi AppTec (2359) were added on 4 December 2023, taking the index from 80 to 82.",Yahoo Finance daily OHLCV; Hang Seng Bank (0011.HK) history is no longer served
Hang Seng Index,69,968,0968.HK,XINYI SOLAR,Commerce & Industry,0.3,July 2023 (list in force 2023-06-05 to 2023-09-03),https://www.hsi.com.hk/static/uploads/contents/en/news/pressRelease/20230818T183005.pdf,"Hang Seng Indexes review announced 18 August 2023 (quarter ended 30 June 2023), Appendix 1. Rows carrying a pre-review weight are the 80 constituents in force during July 2023. Sinopharm (1099) entered and Country Garden (2007) left on 4 September 2023; Li Auto (2015) and WuXi AppTec (2359) were added on 4 December 2023, taking the index from 80 to 82.",Yahoo Finance daily OHLCV; Hang Seng Bank (0011.HK) history is no longer served
Hang Seng Index,70,1876,1876.HK,BUD APAC,Commerce & Industry,0.29,July 2023 (list in force 2023-06-05 to 2023-09-03),https://www.hsi.com.hk/static/uploads/contents/en/news/pressRelease/20230818T183005.pdf,"Hang Seng Indexes review announced 18 August 2023 (quarter ended 30 June 2023), Appendix 1. Rows carrying a pre-review weight are the 80 constituents in force during July 2023. Sinopharm (1099) entered and Country Garden (2007) left on 4 September 2023; Li Auto (2015) and WuXi AppTec (2359) were added on 4 December 2023, taking the index from 80 to 82.",Yahoo Finance daily OHLCV; Hang Seng Bank (0011.HK) history is no longer served
Hang Seng Index,71,288,0288.HK,WH GROUP,Commerce & Industry,0.29,July 2023 (list in force 2023-06-05 to 2023-09-03),https://www.hsi.com.hk/static/uploads/contents/en/news/pressRelease/20230818T183005.pdf,"Hang Seng Indexes review announced 18 August 2023 (quarter ended 30 June 2023), Appendix 1. Rows carrying a pre-review weight are the 80 constituents in force during July 2023. Sinopharm (1099) entered and Country Garden (2007) left on 4 September 2023; Li Auto (2015) and WuXi AppTec (2359) were added on 4 December 2023, taking the index from 80 to 82.",Yahoo Finance daily OHLCV; Hang Seng Bank (0011.HK) history is no longer served
Hang Seng Index,72,241,0241.HK,ALI HEALTH,Commerce & Industry,0.25,July 2023 (list in force 2023-06-05 to 2023-09-03),https://www.hsi.com.hk/static/uploads/contents/en/news/pressRelease/20230818T183005.pdf,"Hang Seng Indexes review announced 18 August 2023 (quarter ended 30 June 2023), Appendix 1. Rows carrying a pre-review weight are the 80 constituents in force during July 2023. Sinopharm (1099) entered and Country Garden (2007) left on 4 September 2023; Li Auto (2015) and WuXi AppTec (2359) were added on 4 December 2023, taking the index from 80 to 82.",Yahoo Finance daily OHLCV; Hang Seng Bank (0011.HK) history is no longer served
Hang Seng Index,73,1929,1929.HK,CHOW TAI FOOK,Commerce & Industry,0.21,July 2023 (list in force 2023-06-05 to 2023-09-03),https://www.hsi.com.hk/static/uploads/contents/en/news/pressRelease/20230818T183005.pdf,"Hang Seng Indexes review announced 18 August 2023 (quarter ended 30 June 2023), Appendix 1. Rows carrying a pre-review weight are the 80 constituents in force during July 2023. Sinopharm (1099) entered and Country Garden (2007) left on 4 September 2023; Li Auto (2015) and WuXi AppTec (2359) were added on 4 December 2023, taking the index from 80 to 82.",Yahoo Finance daily OHLCV; Hang Seng Bank (0011.HK) history is no longer served
Hang Seng Index,74,868,0868.HK,XINYI GLASS,Commerce & Industry,0.2,July 2023 (list in force 2023-06-05 to 2023-09-03),https://www.hsi.com.hk/static/uploads/contents/en/news/pressRelease/20230818T183005.pdf,"Hang Seng Indexes review announced 18 August 2023 (quarter ended 30 June 2023), Appendix 1. Rows carrying a pre-review weight are the 80 constituents in force during July 2023. Sinopharm (1099) entered and Country Garden (2007) left on 4 September 2023; Li Auto (2015) and WuXi AppTec (2359) were added on 4 December 2023, taking the index from 80 to 82.",Yahoo Finance daily OHLCV; Hang Seng Bank (0011.HK) history is no longer served
Hang Seng Index,75,322,0322.HK,TINGYI,Commerce & Industry,0.19,July 2023 (list in force 2023-06-05 to 2023-09-03),https://www.hsi.com.hk/static/uploads/contents/en/news/pressRelease/20230818T183005.pdf,"Hang Seng Indexes review announced 18 August 2023 (quarter ended 30 June 2023), Appendix 1. Rows carrying a pre-review weight are the 80 constituents in force during July 2023. Sinopharm (1099) entered and Country Garden (2007) left on 4 September 2023; Li Auto (2015) and WuXi AppTec (2359) were added on 4 December 2023, taking the index from 80 to 82.",Yahoo Finance daily OHLCV; Hang Seng Bank (0011.HK) history is no longer served
Hang Seng Index,76,1044,1044.HK,HENGAN INT'L,Commerce & Industry,0.18,July 2023 (list in force 2023-06-05 to 2023-09-03),https://www.hsi.com.hk/static/uploads/contents/en/news/pressRelease/20230818T183005.pdf,"Hang Seng Indexes review announced 18 August 2023 (quarter ended 30 June 2023), Appendix 1. Rows carrying a pre-review weight are the 80 constituents in force during July 2023. Sinopharm (1099) entered and Country Garden (2007) left on 4 September 2023; Li Auto (2015) and WuXi AppTec (2359) were added on 4 December 2023, taking the index from 80 to 82.",Yahoo Finance daily OHLCV; Hang Seng Bank (0011.HK) history is no longer served
Hang Seng Index,77,1378,1378.HK,CHINAHONGQIAO,Commerce & Industry,0.18,July 2023 (list in force 2023-06-05 to 2023-09-03),https://www.hsi.com.hk/static/uploads/contents/en/news/pressRelease/20230818T183005.pdf,"Hang Seng Indexes review announced 18 August 2023 (quarter ended 30 June 2023), Appendix 1. Rows carrying a pre-review weight are the 80 constituents in force during July 2023. Sinopharm (1099) entered and Country Garden (2007) left on 4 September 2023; Li Auto (2015) and WuXi AppTec (2359) were added on 4 December 2023, taking the index from 80 to 82.",Yahoo Finance daily OHLCV; Hang Seng Bank (0011.HK) history is no longer served
Hang Seng Index,78,881,0881.HK,ZHONGSHENG HLDG,Commerce & Industry,0.14,July 2023 (list in force 2023-06-05 to 2023-09-03),https://www.hsi.com.hk/static/uploads/contents/en/news/pressRelease/20230818T183005.pdf,"Hang Seng Indexes review announced 18 August 2023 (quarter ended 30 June 2023), Appendix 1. Rows carrying a pre-review weight are the 80 constituents in force during July 2023. Sinopharm (1099) entered and Country Garden (2007) left on 4 September 2023; Li Auto (2015) and WuXi AppTec (2359) were added on 4 December 2023, taking the index from 80 to 82.",Yahoo Finance daily OHLCV; Hang Seng Bank (0011.HK) history is no longer served
Hang Seng Index,79,316,0316.HK,OOIL,Commerce & Industry,0.14,July 2023 (list in force 2023-06-05 to 2023-09-03),https://www.hsi.com.hk/static/uploads/contents/en/news/pressRelease/20230818T183005.pdf,"Hang Seng Indexes review announced 18 August 2023 (quarter ended 30 June 2023), Appendix 1. Rows carrying a pre-review weight are the 80 constituents in force during July 2023. Sinopharm (1099) entered and Country Garden (2007) left on 4 September 2023; Li Auto (2015) and WuXi AppTec (2359) were added on 4 December 2023, taking the index from 80 to 82.",Yahoo Finance daily OHLCV; Hang Seng Bank (0011.HK) history is no longer served
Hang Seng Index,80,3692,3692.HK,HANSOH PHARMA,Commerce & Industry,0.1,July 2023 (list in force 2023-06-05 to 2023-09-03),https://www.hsi.com.hk/static/uploads/contents/en/news/pressRelease/20230818T183005.pdf,"Hang Seng Indexes review announced 18 August 2023 (quarter ended 30 June 2023), Appendix 1. Rows carrying a pre-review weight are the 80 constituents in force during July 2023. Sinopharm (1099) entered and Country Garden (2007) left on 4 September 2023; Li Auto (2015) and WuXi AppTec (2359) were added on 4 December 2023, taking the index from 80 to 82.",Yahoo Finance daily OHLCV; Hang Seng Bank (0011.HK) history is no longer served
