universe,model,feature,standardized_coefficient
Hang Seng Index,OLS,mom5d_rank,0.0015957505432181206
Hang Seng Index,OLS,mom20d_rank,-0.00015750819252868654
Hang Seng Index,OLS,mom60d_rank,-0.0022296970053365564
Hang Seng Index,OLS,close_vs_sma20d_rank,-0.0012432003844855249
Hang Seng Index,OLS,maxret20d_rank,0.00022769981067537583
Hang Seng Index,OLS,minret20d_rank,-0.0012439210093772317
Hang Seng Index,OLS,donchian_pos20d_rank,-0.0019377443801551594
Hang Seng Index,OLS,efficiency_ratio20d_rank,0.00023719023979319195
Hang Seng Index,OLS,bop_mean20d_rank,0.0004702032833149313
Hang Seng Index,OLS,clv_mean20d_rank,0.00013354905420589843
Hang Seng Index,OLS,log_dolvol20d_rank,-0.006106493953998148
Hang Seng Index,OLS,abn_dolvol20d_rank,-0.00026233733360639334
Hang Seng Index,OLS,illiq20d_rank,-0.0020297073922495253
Hang Seng Index,OLS,natr20d_rank,0.0019021805565872262
Hang Seng Index,OLS,rv20d_rank,0.0008342683544994951
Hang Seng Index,OLS,downside_rv20d_rank,-0.00466835611624922
Hang Seng Index,OLS,rsi20d_rank,-8.268170759975668e-05
Hang Seng Index,OLS,adx20d_rank,-0.00029202192079045316
Hang Seng Index,OLS,mom10d_rank,0.0006972824335269802
Hang Seng Index,OLS,mom120d_rank,0.00027927808480346237
Hang Seng Index,OLS,high52w_gap_rank,-0.0003616961303572494
Hang Seng Index,OLS,close_vs_sma60d_rank,0.0028336878580780527
Hang Seng Index,OLS,rv60d_rank,-0.00487712638323767
Hang Seng Index,OLS,rv_ratio_20_60_rank,0.001398273016848492
Hang Seng Index,OLS,skew60d_rank,-0.000683300248521022
Hang Seng Index,OLS,illiq60d_rank,-0.005397872194779532
Hang Seng Index,OLS,dolvol_trend_rank,0.00199138902165818
Hang Seng Index,OLS,hl_spread20d_rank,-0.00011849902662607747
Hang Seng Index,OLS,beta_mkt60d_rank,0.0026895410407430627
Hang Seng Index,OLS,ivol_mkt60d_rank,0.003910120078384612
Hang Seng Index,Ridge,mom5d_rank,0.0010680547665452133
Hang Seng Index,Ridge,mom20d_rank,0.0003036574934326796
Hang Seng Index,Ridge,mom60d_rank,-0.0011493340833135409
Hang Seng Index,Ridge,close_vs_sma20d_rank,-0.0003030858948474756
Hang Seng Index,Ridge,maxret20d_rank,0.0004017350656394689
Hang Seng Index,Ridge,minret20d_rank,3.807114600896432e-05
Hang Seng Index,Ridge,donchian_pos20d_rank,-0.001218332350788325
Hang Seng Index,Ridge,efficiency_ratio20d_rank,0.0002882417273806299
Hang Seng Index,Ridge,bop_mean20d_rank,0.0003723493079082447
Hang Seng Index,Ridge,clv_mean20d_rank,0.00017992226990311475
Hang Seng Index,Ridge,log_dolvol20d_rank,-0.0006767617427351685
Hang Seng Index,Ridge,abn_dolvol20d_rank,-0.00021696135391490227
Hang Seng Index,Ridge,illiq20d_rank,-0.000803765590851118
Hang Seng Index,Ridge,natr20d_rank,-4.647910881725408e-06
Hang Seng Index,Ridge,rv20d_rank,-0.0001792858349205926
Hang Seng Index,Ridge,downside_rv20d_rank,-0.0014386240541518905
Hang Seng Index,Ridge,rsi20d_rank,6.57401570571844e-05
Hang Seng Index,Ridge,adx20d_rank,-0.00024514621294109267
Hang Seng Index,Ridge,mom10d_rank,0.0002510305904322068
Hang Seng Index,Ridge,mom120d_rank,2.0880652025005995e-05
Hang Seng Index,Ridge,high52w_gap_rank,-5.40132722314002e-05
Hang Seng Index,Ridge,close_vs_sma60d_rank,0.0010388083785588856
Hang Seng Index,Ridge,rv60d_rank,-0.00073734959231887
Hang Seng Index,Ridge,rv_ratio_20_60_rank,0.0011228141381974274
Hang Seng Index,Ridge,skew60d_rank,-0.00048267735426166166
Hang Seng Index,Ridge,illiq60d_rank,-0.0009055209651441604
Hang Seng Index,Ridge,dolvol_trend_rank,0.0012713638962707254
Hang Seng Index,Ridge,hl_spread20d_rank,0.00013007342883925791
Hang Seng Index,Ridge,beta_mkt60d_rank,0.00027460641150858355
Hang Seng Index,Ridge,ivol_mkt60d_rank,0.000745037676082536
Hang Seng Index,LASSO,mom5d_rank,0.0
Hang Seng Index,LASSO,mom20d_rank,0.0
Hang Seng Index,LASSO,mom60d_rank,0.0
Hang Seng Index,LASSO,close_vs_sma20d_rank,0.0
Hang Seng Index,LASSO,maxret20d_rank,0.0
Hang Seng Index,LASSO,minret20d_rank,0.0
Hang Seng Index,LASSO,donchian_pos20d_rank,0.0
Hang Seng Index,LASSO,efficiency_ratio20d_rank,0.0
Hang Seng Index,LASSO,bop_mean20d_rank,0.0
Hang Seng Index,LASSO,clv_mean20d_rank,0.0
Hang Seng Index,LASSO,log_dolvol20d_rank,0.0
Hang Seng Index,LASSO,abn_dolvol20d_rank,0.0
Hang Seng Index,LASSO,illiq20d_rank,0.0
Hang Seng Index,LASSO,natr20d_rank,0.0
Hang Seng Index,LASSO,rv20d_rank,0.0
Hang Seng Index,LASSO,downside_rv20d_rank,0.0
Hang Seng Index,LASSO,rsi20d_rank,0.0
Hang Seng Index,LASSO,adx20d_rank,0.0
Hang Seng Index,LASSO,mom10d_rank,0.0
Hang Seng Index,LASSO,mom120d_rank,0.0
Hang Seng Index,LASSO,high52w_gap_rank,0.0
Hang Seng Index,LASSO,close_vs_sma60d_rank,0.0
Hang Seng Index,LASSO,rv60d_rank,0.0
Hang Seng Index,LASSO,rv_ratio_20_60_rank,0.0
Hang Seng Index,LASSO,skew60d_rank,0.0
Hang Seng Index,LASSO,illiq60d_rank,0.0
Hang Seng Index,LASSO,dolvol_trend_rank,0.0
Hang Seng Index,LASSO,hl_spread20d_rank,0.0
Hang Seng Index,LASSO,beta_mkt60d_rank,0.0
Hang Seng Index,LASSO,ivol_mkt60d_rank,0.0
Hang Seng Index,Elastic Net,mom5d_rank,0.0
Hang Seng Index,Elastic Net,mom20d_rank,0.0
Hang Seng Index,Elastic Net,mom60d_rank,0.0
Hang Seng Index,Elastic Net,close_vs_sma20d_rank,0.0
Hang Seng Index,Elastic Net,maxret20d_rank,0.0
Hang Seng Index,Elastic Net,minret20d_rank,0.0
Hang Seng Index,Elastic Net,donchian_pos20d_rank,0.0
Hang Seng Index,Elastic Net,efficiency_ratio20d_rank,0.0
Hang Seng Index,Elastic Net,bop_mean20d_rank,0.0
Hang Seng Index,Elastic Net,clv_mean20d_rank,0.0
Hang Seng Index,Elastic Net,log_dolvol20d_rank,0.0
Hang Seng Index,Elastic Net,abn_dolvol20d_rank,0.0
Hang Seng Index,Elastic Net,illiq20d_rank,0.0
Hang Seng Index,Elastic Net,natr20d_rank,0.0
Hang Seng Index,Elastic Net,rv20d_rank,0.0
Hang Seng Index,Elastic Net,downside_rv20d_rank,0.0
Hang Seng Index,Elastic Net,rsi20d_rank,0.0
Hang Seng Index,Elastic Net,adx20d_rank,0.0
Hang Seng Index,Elastic Net,mom10d_rank,0.0
Hang Seng Index,Elastic Net,mom120d_rank,0.0
Hang Seng Index,Elastic Net,high52w_gap_rank,0.0
Hang Seng Index,Elastic Net,close_vs_sma60d_rank,0.0
Hang Seng Index,Elastic Net,rv60d_rank,0.0
Hang Seng Index,Elastic Net,rv_ratio_20_60_rank,0.0
Hang Seng Index,Elastic Net,skew60d_rank,0.0
Hang Seng Index,Elastic Net,illiq60d_rank,0.0
Hang Seng Index,Elastic Net,dolvol_trend_rank,0.0
Hang Seng Index,Elastic Net,hl_spread20d_rank,0.0
Hang Seng Index,Elastic Net,beta_mkt60d_rank,0.0
Hang Seng Index,Elastic Net,ivol_mkt60d_rank,0.0
Hang Seng Index,PCR,mom5d_rank,0.0002197501244941387
Hang Seng Index,PCR,mom20d_rank,0.00015494663860735644
Hang Seng Index,PCR,mom60d_rank,-0.000263555889648637
Hang Seng Index,PCR,close_vs_sma20d_rank,0.00021468834438050376
Hang Seng Index,PCR,maxret20d_rank,2.907110966117693e-05
Hang Seng Index,PCR,minret20d_rank,-0.00011695460787305099
Hang Seng Index,PCR,donchian_pos20d_rank,0.00023388091544481008
Hang Seng Index,PCR,efficiency_ratio20d_rank,0.0002199106005429979
Hang Seng Index,PCR,bop_mean20d_rank,0.00030236733960000925
Hang Seng Index,PCR,clv_mean20d_rank,0.00025728747812941283
Hang Seng Index,PCR,log_dolvol20d_rank,0.000343288341351736
Hang Seng Index,PCR,abn_dolvol20d_rank,0.00014301781355528122
Hang Seng Index,PCR,illiq20d_rank,-0.0003280007714945887
Hang Seng Index,PCR,natr20d_rank,-0.00023903022145545523
Hang Seng Index,PCR,rv20d_rank,7.480677760456958e-05
Hang Seng Index,PCR,downside_rv20d_rank,2.7644689787378456e-05
Hang Seng Index,PCR,rsi20d_rank,4.765049516855218e-05
Hang Seng Index,PCR,adx20d_rank,0.00032030465380735004
Hang Seng Index,PCR,mom10d_rank,0.00020561287806733895
Hang Seng Index,PCR,mom120d_rank,-0.00016089593886282864
Hang Seng Index,PCR,high52w_gap_rank,6.219434717233738e-05
Hang Seng Index,PCR,close_vs_sma60d_rank,-2.4578291707403872e-05
Hang Seng Index,PCR,rv60d_rank,-0.0003004349792917027
Hang Seng Index,PCR,rv_ratio_20_60_rank,0.0008434222603332594
Hang Seng Index,PCR,skew60d_rank,-0.0004745384964728084
Hang Seng Index,PCR,illiq60d_rank,-0.0003248439517166081
Hang Seng Index,PCR,dolvol_trend_rank,0.0007516056944459053
Hang Seng Index,PCR,hl_spread20d_rank,-0.00017376962948748893
Hang Seng Index,PCR,beta_mkt60d_rank,-0.0001931442309473564
Hang Seng Index,PCR,ivol_mkt60d_rank,-0.00035183911792095073
Hang Seng Index,PLS,mom5d_rank,0.00017565235853043287
Hang Seng Index,PLS,mom20d_rank,0.0002004033762008902
Hang Seng Index,PLS,mom60d_rank,6.226539141553213e-05
Hang Seng Index,PLS,close_vs_sma20d_rank,0.00017169223477127372
Hang Seng Index,PLS,maxret20d_rank,6.199339063459531e-06
Hang Seng Index,PLS,minret20d_rank,0.00013319962787684115
Hang Seng Index,PLS,donchian_pos20d_rank,0.00012877192590871693
Hang Seng Index,PLS,efficiency_ratio20d_rank,7.22036268255889e-05
Hang Seng Index,PLS,bop_mean20d_rank,0.00019672659719328434
Hang Seng Index,PLS,clv_mean20d_rank,0.00014918531599999036
Hang Seng Index,PLS,log_dolvol20d_rank,0.00013525637075960406
Hang Seng Index,PLS,abn_dolvol20d_rank,-4.9406389494519415e-06
Hang Seng Index,PLS,illiq20d_rank,-0.00018721346075260028
Hang Seng Index,PLS,natr20d_rank,-0.00018161819247655242
Hang Seng Index,PLS,rv20d_rank,-8.704348543544127e-05
Hang Seng Index,PLS,downside_rv20d_rank,-0.00019197718436430604
Hang Seng Index,PLS,rsi20d_rank,0.00018021788486969698
Hang Seng Index,PLS,adx20d_rank,3.967925118042704e-05
Hang Seng Index,PLS,mom10d_rank,0.00015577516941496118
Hang Seng Index,PLS,mom120d_rank,0.00010432487640804066
Hang Seng Index,PLS,high52w_gap_rank,0.00018040904924370888
Hang Seng Index,PLS,close_vs_sma60d_rank,0.00019298254206635997
Hang Seng Index,PLS,rv60d_rank,-0.00018230819451894807
Hang Seng Index,PLS,rv_ratio_20_60_rank,0.00021175172199213222
Hang Seng Index,PLS,skew60d_rank,-4.677442094436304e-05
Hang Seng Index,PLS,illiq60d_rank,-0.0001785945992936451
Hang Seng Index,PLS,dolvol_trend_rank,0.0002767512663722947
Hang Seng Index,PLS,hl_spread20d_rank,-0.00013639534050342638
Hang Seng Index,PLS,beta_mkt60d_rank,-0.00013168421895845398
Hang Seng Index,PLS,ivol_mkt60d_rank,-0.00014462585524259417
