week,pdd_close,jd_close,pdd_return,jd_return,pdd_weight,jd_weight,long_pdd_short_jd_return,long_pdd_short_jd_wealth
2023-06-30,69.14,34.13,,,0.5,-0.5,,100.0
2023-07-07,70.0,35.76,0.012438530517790092,0.04775857017286822,0.5,-0.5,-0.017660019827539064,98.2339980172461
2023-07-14,79.49,38.14,0.13557142857142845,0.06655480984340056,0.5,-0.5,0.034508309364013945,101.62388721088915
2023-07-21,75.97,37.07,-0.04428229966033459,-0.02805453592029361,0.5,-0.5,-0.00811388187002049,100.79932299488772
2023-07-28,89.35,40.53,0.1761221534816375,0.09333693013218247,0.5,-0.5,0.04139261167472752,104.97167022869051
2023-08-04,87.52,39.09,-0.020481253497481755,-0.0355292376017764,0.5,-0.5,0.007523992052147321,105.76147624119182
2023-08-11,81.55,36.46,-0.06821297989031072,-0.06728063443335897,0.5,-0.5,-0.00046617272847587765,105.71217312524482
2023-08-18,76.98,33.11,-0.05603923973022673,-0.09188151398793198,0.5,-0.5,0.017921137128852627,107.60665547601134
2023-08-25,79.91,32.96,0.03806183424266041,-0.0045303533675625784,0.5,-0.5,0.021296093805111493,109.89825690508279
2023-09-01,103.29,34.1,0.29257915154548875,0.034587378640776656,0.5,-0.5,0.12899588645235605,124.07467997412272
2023-09-08,95.34,32.4,-0.07696776067383093,-0.04985337243401766,0.5,-0.5,-0.013557194119906635,122.39257545234825
2023-09-15,99.46,31.57,0.04321376127543508,-0.025617283950617242,0.5,-0.5,0.03441552261302616,126.60477990049506
2023-09-22,95.93,30.41,-0.035491654936657846,-0.03674374406081726,0.5,-0.5,0.0006260445620797084,126.68404013448506
2023-09-29,98.07,29.13,0.02230793286771582,-0.04209141729694188,0.5,-0.5,0.03219967508232885,130.7632250649322
2023-10-06,105.64,29.61,0.07718976241460185,0.016477857878475888,0.5,-0.5,0.03035595226806298,134.73266728342125
2023-10-13,106.1,27.05,0.004354411207875719,-0.0864572779466396,0.5,-0.5,0.04540584457725766,140.85031783357164
2023-10-20,102.78,24.38,-0.031291234684260094,-0.09870609981515721,0.5,-0.5,0.03370743256544856,145.59802042376873
2023-10-27,108.28,25.65,0.05351235648958941,0.052091878589007434,0.5,-0.5,0.0007102389502909867,145.70142980895892
2023-11-03,106.42,26.94,-0.01717768747691173,0.05029239766081872,0.5,-0.5,-0.033735042568865226,140.78618587200918
2023-11-10,109.04,25.76,0.024619432437511746,-0.043801039346696324,0.5,-0.5,0.034210235892104035,145.6025145010402
2023-11-17,115.15,27.61,0.056034482758620774,0.07181677018633525,0.5,-0.5,-0.00789114371385724,144.45354413401353
2023-11-24,118.7,28.76,0.030829353017802763,0.041651575516117534,0.5,-0.5,-0.005411111249157385,143.6718899363693
2023-12-01,145.27,27.16,0.22384161752316767,-0.0556328233657859,0.5,-0.5,0.13973722044447678,163.74820049208233
2023-12-08,138.96,26.45,-0.04343635988159977,-0.026141384388807087,0.5,-0.5,-0.008647487746396343,162.33218993483257
2023-12-15,148.35,27.41,0.06757340241796195,0.03629489603024583,0.5,-0.5,0.01563925319385806,164.8709441547369
2023-12-22,144.48,27.59,-0.026086956521739202,0.006566946369938043,0.5,-0.5,-0.016326951445838622,162.17910425469293
2023-12-29,146.31,28.89,0.012666112956810638,0.047118521203334485,0.5,-0.5,-0.017226204123261923,159.3853739002738
2024-01-05,146.53,26.68,0.001503656619506577,-0.076497057805469,0.5,-0.5,0.03900035721248779,165.6014604168304
2024-01-12,148.63,24.7,0.014331536204190254,-0.07421289355322336,0.5,-0.5,0.044272214878706806,172.93300385663198
2024-01-19,143.64,22.29,-0.03357330283253723,-0.09757085020242917,0.5,-0.5,0.03199877368494597,178.46664790969825
2024-01-26,141.77,23.86,-0.013018657755499707,0.07043517272319422,0.5,-0.5,-0.04172691523934696,171.01978521931989
2024-02-02,124.59,21.78,-0.1211821965154829,-0.0871751886001676,0.5,-0.5,-0.01700350395765765,168.1118496245054
2024-02-09,127.48,22.38,0.02319608315274091,0.02754820936639102,0.5,-0.5,-0.0021760631068250547,167.7460276307174
2024-02-16,135.26,24.22,0.061029181048007475,0.08221626452189446,0.5,-0.5,-0.01059354173694349,165.9690030858049
2024-02-23,127.69,23.9,-0.055966287150672756,-0.013212221304706895,0.5,-0.5,-0.02137703292298293,162.421078242645
2024-03-01,126.85,23.0,-0.006578432140339929,-0.03765690376569031,0.5,-0.5,0.01553923581267519,164.94497767840642
2024-03-08,110.34,24.75,-0.13015372487189591,0.07608695652173902,0.5,-0.5,-0.10312034069681747,147.93579538398018
2024-03-15,123.74,27.45,0.12144281312307403,0.10909090909090913,0.5,-0.5,0.006175952016082453,148.84943975773263
2024-03-22,122.99,26.5,-0.0060610958461290165,-0.03460837887067392,0.5,-0.5,0.01427364151227245,150.9740633001371
2024-03-29,116.25,27.39,-0.054801203349865824,0.03358490566037742,0.5,-0.5,-0.04419305450512162,144.30205829185445
2024-04-05,117.87,26.02,0.013935483870967769,-0.05001825483753197,0.5,-0.5,0.03197686935424987,148.91638635740242
2024-04-12,115.5,25.39,-0.02010689742937133,-0.024212144504227484,0.5,-0.5,0.0020526235374280777,149.22205563714837
2024-04-19,113.49,25.51,-0.01740259740259742,0.004726270185112291,0.5,-0.5,-0.011064433793854855,147.57099808196824
2024-04-26,129.31,30.34,0.1393955414573973,0.1893375147001175,0.5,-0.5,-0.024970986621360103,143.88600466316262
2024-05-03,140.18,32.87,0.08406155749748678,0.08338826631509555,0.5,-0.5,0.00033664559119561677,143.93444325226724
2024-05-10,136.27,32.2,-0.027892709373662394,-0.020383328262853495,0.5,-0.5,-0.0037546905554044496,143.39401395759054
2024-05-17,146.19,35.27,0.07279665370220867,0.09534161490683224,0.5,-0.5,-0.011272480602311785,141.77760771676597
2024-05-24,157.57,30.27,0.077843901771667,-0.141763538417919,0.5,-0.5,0.109803720094793,157.3453164702071
2024-05-31,149.78,29.62,-0.04943834486260068,-0.021473406012553653,0.5,-0.5,-0.013982469425023514,155.1452403934918
2024-06-07,143.9,29.33,-0.03925757778074501,-0.009790681971640902,0.5,-0.5,-0.014733447904552055,152.8594160765151
2024-06-14,148.98,28.77,0.03530229325920775,-0.019093078758949833,0.5,-0.5,0.027197686009078792,157.0168384784953
2024-06-21,143.86,28.1,-0.03436702913142686,-0.023288147375738588,0.5,-0.5,-0.005539440877844137,156.14705298491765
2024-06-28,132.95,25.84,-0.07583761990824434,-0.08042704626334529,0.5,-0.5,0.002294713177550478,156.5053656850378
2024-07-05,136.19,26.76,0.024370063933809805,0.035603715170278605,0.5,-0.5,-0.0056168256182344,155.6263023376669
2024-07-12,142.42,28.15,0.04574491519201107,0.05194319880418519,0.5,-0.5,-0.003099141806087058,155.1439943579655
2024-07-19,133.04,26.26,-0.06586153630108127,-0.06714031971580803,0.5,-0.5,0.0006393917073633792,155.24319214140525
2024-07-26,130.8,26.56,-0.016837041491280624,0.011424219345011366,0.5,-0.5,-0.014130630418145995,153.04950796832182
2024-08-02,127.41,25.16,-0.025917431192660656,-0.052710843373493965,0.5,-0.5,0.013396706090416655,155.0998672438563
2024-08-09,138.04,25.88,0.0834314418020563,0.02861685214626397,0.5,-0.5,0.027407294827896167,159.3507350331762
2024-08-16,149.29,29.29,0.08149811648797445,0.13176197836166925,0.5,-0.5,-0.025131930936847402,155.34594336558655
2024-08-23,139.87,26.83,-0.06309866702391309,-0.08398770911573916,0.5,-0.5,0.010444521045913036,156.96845734046562
2024-08-30,96.11,27.0,-0.3128619432330021,0.006336190831159216,0.5,-0.5,-0.15959906703208065,131.9164379954624
2024-09-06,93.3,26.07,-0.029237332223493895,-0.03444444444444439,0.5,-0.5,0.002603556110475247,132.25988984367757
2024-09-13,94.99,26.24,0.018113612004287294,0.00652090525508231,0.5,-0.5,0.005796353374602492,133.02651490249755
2024-09-20,99.9,28.55,0.05168965154226779,0.08803353658536595,0.5,-0.5,-0.018171942521549078,130.60916471984737
2024-09-27,135.38,39.9,0.35515515515515506,0.39754816112084046,0.5,-0.5,-0.021196502982842702,127.84070717027653
2024-10-04,154.27,46.97,0.13953316590338316,0.17719298245614046,0.5,-0.5,-0.01882990827637865,125.43347838027286
2024-10-11,144.76,43.83,-0.061645167563363024,-0.06685118160528003,0.5,-0.5,0.0026030070209585032,125.75998260515998
2024-10-18,124.62,39.98,-0.13912683061619224,-0.08783937942048825,0.5,-0.5,-0.025643725597851996,122.5350281200426
2024-10-25,122.47,39.9,-0.017252447440218255,-0.002001000500250094,0.5,-0.5,-0.00762572346998408,121.60060988021242
2024-11-01,120.56,40.44,-0.015595656079039788,0.013533834586466176,0.5,-0.5,-0.014564745332752982,119.82952796499968
2024-11-08,117.81,38.35,-0.022810218978102204,-0.0516815034619188,0.5,-0.5,0.014435642241908297,121.55934416071916
2024-11-15,114.0,35.0,-0.03234020881079702,-0.08735332464146028,0.5,-0.5,0.02750655791533163,124.9030233010257
2024-11-22,100.07,34.68,-0.12219298245614041,-0.00914285714285712,0.5,-0.5,-0.056525062656641645,117.84287208293125
2024-11-29,96.56,37.38,-0.03507544718696898,0.07785467128027679,0.5,-0.5,-0.05646505923362288,111.1888673305083
2024-12-06,99.89,37.18,0.03448632974316479,-0.005350454788657144,0.5,-0.5,0.019918392265910967,113.40357080559971
2024-12-13,102.27,37.29,0.023826208829712536,0.002958579881656709,0.5,-0.5,0.010433814474027914,114.58680262407763
2024-12-20,99.51,35.64,-0.026987386330302066,-0.04424778761061943,0.5,-0.5,0.00863020064015868,115.57570972143768
2024-12-27,97.45,34.98,-0.0207014370415034,-0.0185185185185186,0.5,-0.5,-0.0010914592614924001,115.44956354265865
2025-01-03,96.82,35.34,-0.006464853771164791,0.010291595197255754,0.5,-0.5,-0.008378224484210273,114.48230118269416
2025-01-10,94.68,33.1,-0.02210287130758093,-0.06338426711941147,0.5,-0.5,0.020640697905915273,116.84529577698015
2025-01-17,105.57,39.0,0.1150190114068439,0.17824773413897277,0.5,-0.5,-0.031614361366064436,113.15130637236201
2025-01-24,111.34,40.72,0.054655678696599486,0.04410256410256408,0.5,-0.5,0.005276557297017703,113.7483557236682
2025-01-31,111.91,40.72,0.005119453924914641,0.0,0.5,-0.5,0.0025597269624573205,114.03952045674926
2025-02-07,114.27,40.17,0.021088374586721415,-0.013506876227897813,0.5,-0.5,0.017297625407309614,116.01213336323933
2025-02-14,124.16,41.38,0.08654940054257465,0.030121981578292267,0.5,-0.5,0.02821370948214119,119.28526599035317
2025-02-21,131.34,42.42,0.05782860824742264,0.025132914451425847,0.5,-0.5,0.016347846897998397,121.23532325595048
2025-02-28,113.69,41.9,-0.13438404141921734,-0.012258368694012312,0.5,-0.5,-0.06106283636260251,113.83235055060517
2025-03-07,119.92,42.29,0.054798135280147875,0.009307875894988049,0.5,-0.5,0.022745129692579913,116.42148212708989
2025-03-14,122.54,43.16,0.021847898599065996,0.020572239300070905,0.5,-0.5,0.0006378296494975455,116.495739200229
2025-03-21,126.64,42.24,0.033458462542843126,-0.02131603336422605,0.5,-0.5,0.027387247953534588,119.68623689523596
2025-03-28,120.45,41.58,-0.04887871130764365,-0.01562500000000011,0.5,-0.5,-0.01662685565382177,117.69623111062974
2025-04-04,104.21,36.81,-0.13482772934827736,-0.11471861471861466,0.5,-0.5,-0.010054557314831347,116.51284760918827
2025-04-11,90.5,36.42,-0.13156127051146715,-0.010594947025264867,0.5,-0.5,-0.060483161743101144,109.46578220209244
2025-04-18,93.69,34.72,0.03524861878453045,-0.04667764964305332,0.5,-0.5,0.040963134213791885,113.94984373025447
2025-04-25,104.01,32.53,0.1101504963176434,-0.06307603686635943,0.5,-0.5,0.08661326659200141,123.8194119233799
2025-05-02,110.92,34.47,0.06643591962311302,0.059637257915770014,0.5,-0.5,0.0033993308536715006,124.2403150706145
2025-05-09,109.65,33.86,-0.011449693472773137,-0.017696547722657385,0.5,-0.5,0.003123427124942124,124.6283706407174
2025-05-16,117.61,33.55,0.072594619243046,-0.009155345540460824,0.5,-0.5,0.04087498239175341,129.72255309616963
2025-05-23,119.24,33.35,0.013859365700195525,-0.005961251862891093,0.5,-0.5,0.009910308781543309,131.00814365328284
2025-05-30,96.51,32.41,-0.19062395169406232,-0.028185907046476943,0.5,-0.5,-0.08121902232379269,120.36779030930822
2025-06-06,100.6,33.12,0.04237902807999161,0.021906818883060897,0.5,-0.5,0.010236104598465356,121.59988760120044
2025-06-13,100.58,32.76,-0.00019880715705766772,-0.010869565217391242,0.5,-0.5,0.005335379030166787,122.24866909157855
2025-06-20,101.21,31.44,0.006263670709882652,-0.04029304029304015,0.5,-0.5,0.0232783555014614,125.09441707027284
2025-06-27,105.14,33.07,0.03883015512301169,0.051844783715012666,0.5,-0.5,-0.006507314296000488,124.28038838172162
2025-07-04,103.59,32.07,-0.014742248430663851,-0.030238887208950738,0.5,-0.5,0.007748319389143443,125.24335252470999
2025-07-11,104.91,31.1,0.012742542716478455,-0.030246336139694407,0.5,-0.5,0.02149443942808643,127.93538817932286
2025-07-18,109.0,33.92,0.03898579735010954,0.09067524115755621,0.5,-0.5,-0.025844721903723333,124.62893365018337
2025-07-25,118.45,33.18,0.08669724770642206,-0.02181603773584906,0.5,-0.5,0.05425664272113556,131.39088117595747
2025-08-01,110.06,30.91,-0.07083157450401012,-0.06841470765521396,0.5,-0.5,-0.001208433424398081,131.23210404348333
2025-08-08,114.26,31.49,0.0381610030892241,0.0187641539954706,0.5,-0.5,0.00969842454687675,132.50484870267692
2025-08-15,118.95,31.7,0.04104673551549087,0.006668783740870099,0.5,-0.5,0.017188975887310387,134.78247135197898
2025-08-22,127.11,31.88,0.06860025220680965,0.005678233438485725,0.5,-0.5,0.031461009384161964,139.02286394800416
2025-08-29,120.22,31.07,-0.05420501927464405,-0.025407779171894518,0.5,-0.5,-0.014398620051374766,137.02112655156287
2025-09-05,124.68,31.45,0.03709865247047084,0.01223044737689083,0.5,-0.5,0.012434102546790005,138.72486129018168
2025-09-12,125.44,33.67,0.006095604748155292,0.07058823529411762,0.5,-0.5,-0.03224631527298116,134.2514956768179
2025-09-19,129.47,35.1,0.032126913265306145,0.042471042471042386,0.5,-0.5,-0.0051720646028681205,133.55713826814574
2025-09-26,129.99,34.5,0.004016374449679505,-0.017094017094017144,0.5,-0.5,0.010555195771848325,134.96686000929387
2025-10-03,134.25,35.4,0.03277175167320556,0.02608695652173898,0.5,-0.5,0.0033423975757332913,135.41797291499324
2025-10-10,124.27,31.85,-0.07433891992551211,-0.1002824858757061,0.5,-0.5,0.01297178297509699,137.1745854705741
2025-10-17,128.48,33.07,0.03387784662428572,0.03830455259026677,0.5,-0.5,-0.002213352982990524,136.87096969263231
2025-10-24,133.96,33.19,0.04265255292652559,0.003628666465073982,0.5,-0.5,0.019511943230725803,139.54158828320936
2025-10-31,134.87,33.04,0.006793072558972879,-0.004519433564326603,0.5,-0.5,0.005656253061649741,140.33087081916372
2025-11-07,135.78,31.79,0.006747238081115103,-0.0378329297820823,0.5,-0.5,0.022290083931598703,143.4588577079172
2025-11-14,130.95,29.31,-0.03557224922669033,-0.07801195344447942,0.5,-0.5,0.021219852108894544,146.50303345219012
2025-11-21,113.24,28.93,-0.13524245895379916,-0.012964858410098867,0.5,-0.5,-0.06113880027185015,137.5460137507365
2025-11-28,116.08,29.83,0.025079477216531254,0.03110957483581056,0.5,-0.5,-0.0030150488096396533,137.13130580570666
2025-12-05,117.62,29.9,0.01326671261199186,0.0023466309084814174,0.5,-0.5,0.005460040851755221,137.88004833746032
2025-12-12,111.96,29.44,-0.04812106784560455,-0.01538461538461533,0.5,-0.5,-0.01636822623049461,135.62319651360124
2025-12-19,109.51,28.82,-0.021882815291175306,-0.021059782608695676,0.5,-0.5,-0.00041151634123981484,135.5673853519847
2025-12-26,115.01,29.4,0.050223723860834735,0.02012491325468413,0.5,-0.5,0.015049405303075303,137.60759388002495
2026-01-02,115.75,29.53,0.006434223111033699,0.004421768707483009,0.5,-0.5,0.0010062272017753449,137.7460583841579
2026-01-09,120.55,29.45,0.04146868250539959,-0.0027091093802913413,0.5,-0.5,0.022088895942845466,140.78871673434264
2026-01-16,106.76,28.9,-0.11439236831190369,-0.018675721561969505,0.5,-0.5,-0.04785832337496709,134.05080480132386
2026-01-23,106.38,29.84,-0.003559385537654669,0.03252595155709348,0.5,-0.5,-0.018042668547374074,131.63217056178482
2026-01-30,101.05,28.48,-0.050103402895281035,-0.04557640750670244,0.5,-0.5,-0.002263497694289296,131.33422144722394
2026-02-06,105.23,28.07,0.04136566056407731,-0.014396067415730296,0.5,-0.5,0.027880863989903804,134.99593301261388
2026-02-13,100.28,27.14,-0.04703981754252595,-0.033131457071606696,0.5,-0.5,-0.006954180235459628,134.05714696339012
2026-02-20,104.94,27.41,0.046469884323893096,0.009948415622697215,0.5,-0.5,0.01826073435059794,136.50512891188765
2026-02-27,103.73,26.53,-0.011530398322851076,-0.03210507114191896,0.5,-0.5,0.010287336409533943,137.90940309463102
2026-03-06,101.97,27.03,-0.016967126193001114,0.01884658876743317,0.5,-0.5,-0.017906857480217142,135.43987906823364
2026-03-13,102.65,28.32,0.006668628027851398,0.04772475027746936,0.5,-0.5,-0.020528061124808983,132.65956095198422
2026-03-20,96.19,27.27,-0.06293229420360458,-0.037076271186440746,0.5,-0.5,-0.012928011508581916,130.94453662127356
2026-03-27,99.81,28.7,0.037633849672523256,0.05243857719105249,0.5,-0.5,-0.0074023637592646185,129.97523752891453
2026-04-03,100.87,28.46,0.010620178338843766,-0.00836236933797907,0.5,-0.5,0.009491273838411418,131.20886810051402
2026-04-10,100.17,28.93,-0.006939625260235949,0.016514406184118036,0.5,-0.5,-0.011727015722176992,129.67017964141024
2026-04-17,104.79,31.6,0.04612159329140475,0.09229173867957141,0.5,-0.5,-0.02308507269408333,126.67673411813345
2026-04-24,98.03,30.27,-0.06450997232560363,-0.04208860759493671,0.5,-0.5,-0.011210682365333458,125.25660148885724
2026-05-01,99.72,29.96,0.017239620524329258,-0.010241162867525522,0.5,-0.5,0.01374039169592739,126.97767625581481
2026-05-08,98.78,30.13,-0.00942639390292821,0.0056742323097462855,0.5,-0.5,-0.0075503131063372475,126.01895504256831
2026-05-15,95.83,32.01,-0.02986434500911117,0.06239628277464315,0.5,-0.5,-0.04613031389187716,120.20566109012827
2026-05-22,94.52,30.52,-0.013670040697067787,-0.046547953764448535,0.5,-0.5,0.016438956533690374,122.18171672789242
2026-05-29,84.44,28.83,-0.10664409648751583,-0.055373525557011805,0.5,-0.5,-0.02563528546525201,119.04955354093836
2026-06-05,85.07,28.88,0.007460918995736643,0.001734304543878018,0.5,-0.5,0.0028633072259293124,119.39042898783576
2026-06-12,81.56,28.56,-0.04126013870929812,-0.011080332409972304,0.5,-0.5,-0.015089903149662909,117.5888389774126
2026-06-19,79.56,27.57,-0.02452182442373707,-0.034663865546218475,0.5,-0.5,0.005071020561240702,118.18513439763949
2026-06-26,76.55,25.39,-0.0378330819507291,-0.0790714544795067,0.5,-0.5,0.0206191862643888,120.62201569746624
