asset_id,ticker,company_name,official_sector,indicative_index_weight_pct,universe_vintage,source_url
1,0005.HK,Hsbc Holdings,Finance,8.26,Hang Seng Index constituents in force July 2023 (before the 4 Sep 2023 review),https://www.hsi.com.hk/static/uploads/contents/en/news/pressRelease/20230818T183005.pdf
2,1299.HK,Aia,Finance,7.13,Hang Seng Index constituents in force July 2023 (before the 4 Sep 2023 review),https://www.hsi.com.hk/static/uploads/contents/en/news/pressRelease/20230818T183005.pdf
3,0939.HK,Ccb,Finance,3.9,Hang Seng Index constituents in force July 2023 (before the 4 Sep 2023 review),https://www.hsi.com.hk/static/uploads/contents/en/news/pressRelease/20230818T183005.pdf
4,0388.HK,Hkex,Finance,3.16,Hang Seng Index constituents in force July 2023 (before the 4 Sep 2023 review),https://www.hsi.com.hk/static/uploads/contents/en/news/pressRelease/20230818T183005.pdf
5,2318.HK,Ping An,Finance,2.63,Hang Seng Index constituents in force July 2023 (before the 4 Sep 2023 review),https://www.hsi.com.hk/static/uploads/contents/en/news/pressRelease/20230818T183005.pdf
6,1398.HK,Icbc,Finance,2.21,Hang Seng Index constituents in force July 2023 (before the 4 Sep 2023 review),https://www.hsi.com.hk/static/uploads/contents/en/news/pressRelease/20230818T183005.pdf
7,3988.HK,Bank Of China,Finance,1.95,Hang Seng Index constituents in force July 2023 (before the 4 Sep 2023 review),https://www.hsi.com.hk/static/uploads/contents/en/news/pressRelease/20230818T183005.pdf
8,3968.HK,Cm Bank,Finance,1.08,Hang Seng Index constituents in force July 2023 (before the 4 Sep 2023 review),https://www.hsi.com.hk/static/uploads/contents/en/news/pressRelease/20230818T183005.pdf
9,2628.HK,China Life,Finance,0.77,Hang Seng Index constituents in force July 2023 (before the 4 Sep 2023 review),https://www.hsi.com.hk/static/uploads/contents/en/news/pressRelease/20230818T183005.pdf
10,2388.HK,Boc Hong Kong,Finance,0.71,Hang Seng Index constituents in force July 2023 (before the 4 Sep 2023 review),https://www.hsi.com.hk/static/uploads/contents/en/news/pressRelease/20230818T183005.pdf
11,0011.HK,Hang Seng Bank,Finance,0.69,Hang Seng Index constituents in force July 2023 (before the 4 Sep 2023 review),https://www.hsi.com.hk/static/uploads/contents/en/news/pressRelease/20230818T183005.pdf
12,0002.HK,Clp Holdings,Utilities,1.08,Hang Seng Index constituents in force July 2023 (before the 4 Sep 2023 review),https://www.hsi.com.hk/static/uploads/contents/en/news/pressRelease/20230818T183005.pdf
13,0003.HK,Hk & China Gas,Utilities,0.59,Hang Seng Index constituents in force July 2023 (before the 4 Sep 2023 review),https://www.hsi.com.hk/static/uploads/contents/en/news/pressRelease/20230818T183005.pdf
14,2688.HK,Enn Energy,Utilities,0.58,Hang Seng Index constituents in force July 2023 (before the 4 Sep 2023 review),https://www.hsi.com.hk/static/uploads/contents/en/news/pressRelease/20230818T183005.pdf
15,0006.HK,Power Assets,Utilities,0.48,Hang Seng Index constituents in force July 2023 (before the 4 Sep 2023 review),https://www.hsi.com.hk/static/uploads/contents/en/news/pressRelease/20230818T183005.pdf
16,0836.HK,China Res Power,Utilities,0.27,Hang Seng Index constituents in force July 2023 (before the 4 Sep 2023 review),https://www.hsi.com.hk/static/uploads/contents/en/news/pressRelease/20230818T183005.pdf
17,1038.HK,Cki Holdings,Utilities,0.22,Hang Seng Index constituents in force July 2023 (before the 4 Sep 2023 review),https://www.hsi.com.hk/static/uploads/contents/en/news/pressRelease/20230818T183005.pdf
18,0016.HK,Shk Ppt,Properties,1.14,Hang Seng Index constituents in force July 2023 (before the 4 Sep 2023 review),https://www.hsi.com.hk/static/uploads/contents/en/news/pressRelease/20230818T183005.pdf
19,1109.HK,China Res Land,Properties,0.92,Hang Seng Index constituents in force July 2023 (before the 4 Sep 2023 review),https://www.hsi.com.hk/static/uploads/contents/en/news/pressRelease/20230818T183005.pdf
20,0823.HK,Link Reit,Properties,0.87,Hang Seng Index constituents in force July 2023 (before the 4 Sep 2023 review),https://www.hsi.com.hk/static/uploads/contents/en/news/pressRelease/20230818T183005.pdf
21,1113.HK,Ck Asset,Properties,0.74,Hang Seng Index constituents in force July 2023 (before the 4 Sep 2023 review),https://www.hsi.com.hk/static/uploads/contents/en/news/pressRelease/20230818T183005.pdf
22,0688.HK,China Overseas,Properties,0.56,Hang Seng Index constituents in force July 2023 (before the 4 Sep 2023 review),https://www.hsi.com.hk/static/uploads/contents/en/news/pressRelease/20230818T183005.pdf
23,1997.HK,Wharf Reic,Properties,0.48,Hang Seng Index constituents in force July 2023 (before the 4 Sep 2023 review),https://www.hsi.com.hk/static/uploads/contents/en/news/pressRelease/20230818T183005.pdf
24,0960.HK,Longfor Group,Properties,0.3,Hang Seng Index constituents in force July 2023 (before the 4 Sep 2023 review),https://www.hsi.com.hk/static/uploads/contents/en/news/pressRelease/20230818T183005.pdf
25,0012.HK,Henderson Land,Properties,0.27,Hang Seng Index constituents in force July 2023 (before the 4 Sep 2023 review),https://www.hsi.com.hk/static/uploads/contents/en/news/pressRelease/20230818T183005.pdf
26,0017.HK,New World Dev,Properties,0.21,Hang Seng Index constituents in force July 2023 (before the 4 Sep 2023 review),https://www.hsi.com.hk/static/uploads/contents/en/news/pressRelease/20230818T183005.pdf
27,1209.HK,China Res Mixc,Properties,0.21,Hang Seng Index constituents in force July 2023 (before the 4 Sep 2023 review),https://www.hsi.com.hk/static/uploads/contents/en/news/pressRelease/20230818T183005.pdf
28,0101.HK,Hang Lung Ppt,Properties,0.16,Hang Seng Index constituents in force July 2023 (before the 4 Sep 2023 review),https://www.hsi.com.hk/static/uploads/contents/en/news/pressRelease/20230818T183005.pdf
29,6098.HK,Cg Services,Properties,0.14,Hang Seng Index constituents in force July 2023 (before the 4 Sep 2023 review),https://www.hsi.com.hk/static/uploads/contents/en/news/pressRelease/20230818T183005.pdf
30,2007.HK,Country Garden,Properties,0.09,Hang Seng Index constituents in force July 2023 (before the 4 Sep 2023 review),https://www.hsi.com.hk/static/uploads/contents/en/news/pressRelease/20230818T183005.pdf
31,0700.HK,Tencent,Commerce & Industry,8.43,Hang Seng Index constituents in force July 2023 (before the 4 Sep 2023 review),https://www.hsi.com.hk/static/uploads/contents/en/news/pressRelease/20230818T183005.pdf
32,9988.HK,Baba - Sw,Commerce & Industry,9.1,Hang Seng Index constituents in force July 2023 (before the 4 Sep 2023 review),https://www.hsi.com.hk/static/uploads/contents/en/news/pressRelease/20230818T183005.pdf
33,3690.HK,Meituan - W,Commerce & Industry,6.51,Hang Seng Index constituents in force July 2023 (before the 4 Sep 2023 review),https://www.hsi.com.hk/static/uploads/contents/en/news/pressRelease/20230818T183005.pdf
34,0941.HK,China Mobile,Commerce & Industry,3.52,Hang Seng Index constituents in force July 2023 (before the 4 Sep 2023 review),https://www.hsi.com.hk/static/uploads/contents/en/news/pressRelease/20230818T183005.pdf
35,9618.HK,Jd - Sw,Commerce & Industry,2.14,Hang Seng Index constituents in force July 2023 (before the 4 Sep 2023 review),https://www.hsi.com.hk/static/uploads/contents/en/news/pressRelease/20230818T183005.pdf
36,1211.HK,Byd Company,Commerce & Industry,1.99,Hang Seng Index constituents in force July 2023 (before the 4 Sep 2023 review),https://www.hsi.com.hk/static/uploads/contents/en/news/pressRelease/20230818T183005.pdf
37,1810.HK,Xiaomi - W,Commerce & Industry,1.8,Hang Seng Index constituents in force July 2023 (before the 4 Sep 2023 review),https://www.hsi.com.hk/static/uploads/contents/en/news/pressRelease/20230818T183005.pdf
38,0883.HK,Cnooc,Commerce & Industry,1.72,Hang Seng Index constituents in force July 2023 (before the 4 Sep 2023 review),https://www.hsi.com.hk/static/uploads/contents/en/news/pressRelease/20230818T183005.pdf
39,2269.HK,Wuxi Bio,Commerce & Industry,1.39,Hang Seng Index constituents in force July 2023 (before the 4 Sep 2023 review),https://www.hsi.com.hk/static/uploads/contents/en/news/pressRelease/20230818T183005.pdf
40,0669.HK,Techtronic Ind,Commerce & Industry,1.11,Hang Seng Index constituents in force July 2023 (before the 4 Sep 2023 review),https://www.hsi.com.hk/static/uploads/contents/en/news/pressRelease/20230818T183005.pdf
41,0857.HK,Petrochina,Commerce & Industry,1.04,Hang Seng Index constituents in force July 2023 (before the 4 Sep 2023 review),https://www.hsi.com.hk/static/uploads/contents/en/news/pressRelease/20230818T183005.pdf
42,0027.HK,Galaxy Ent,Commerce & Industry,1.01,Hang Seng Index constituents in force July 2023 (before the 4 Sep 2023 review),https://www.hsi.com.hk/static/uploads/contents/en/news/pressRelease/20230818T183005.pdf
43,2020.HK,Anta Sports,Commerce & Industry,0.95,Hang Seng Index constituents in force July 2023 (before the 4 Sep 2023 review),https://www.hsi.com.hk/static/uploads/contents/en/news/pressRelease/20230818T183005.pdf
44,0001.HK,Ckh Holdings,Commerce & Industry,0.99,Hang Seng Index constituents in force July 2023 (before the 4 Sep 2023 review),https://www.hsi.com.hk/static/uploads/contents/en/news/pressRelease/20230818T183005.pdf
45,9999.HK,Ntes - S,Commerce & Industry,0.98,Hang Seng Index constituents in force July 2023 (before the 4 Sep 2023 review),https://www.hsi.com.hk/static/uploads/contents/en/news/pressRelease/20230818T183005.pdf
46,0386.HK,Sinopec Corp,Commerce & Industry,0.93,Hang Seng Index constituents in force July 2023 (before the 4 Sep 2023 review),https://www.hsi.com.hk/static/uploads/contents/en/news/pressRelease/20230818T183005.pdf
47,2331.HK,Li Ning,Commerce & Industry,0.82,Hang Seng Index constituents in force July 2023 (before the 4 Sep 2023 review),https://www.hsi.com.hk/static/uploads/contents/en/news/pressRelease/20230818T183005.pdf
48,9888.HK,Bidu - Sw,Commerce & Industry,0.81,Hang Seng Index constituents in force July 2023 (before the 4 Sep 2023 review),https://www.hsi.com.hk/static/uploads/contents/en/news/pressRelease/20230818T183005.pdf
49,9633.HK,Nongfu Spring,Commerce & Industry,0.76,Hang Seng Index constituents in force July 2023 (before the 4 Sep 2023 review),https://www.hsi.com.hk/static/uploads/contents/en/news/pressRelease/20230818T183005.pdf
50,2319.HK,Mengniu Dairy,Commerce & Industry,0.7,Hang Seng Index constituents in force July 2023 (before the 4 Sep 2023 review),https://www.hsi.com.hk/static/uploads/contents/en/news/pressRelease/20230818T183005.pdf
51,1928.HK,Sands China Ltd,Commerce & Industry,0.68,Hang Seng Index constituents in force July 2023 (before the 4 Sep 2023 review),https://www.hsi.com.hk/static/uploads/contents/en/news/pressRelease/20230818T183005.pdf
52,1088.HK,China Shenhua,Commerce & Industry,0.65,Hang Seng Index constituents in force July 2023 (before the 4 Sep 2023 review),https://www.hsi.com.hk/static/uploads/contents/en/news/pressRelease/20230818T183005.pdf
53,0291.HK,China Res Beer,Commerce & Industry,0.64,Hang Seng Index constituents in force July 2023 (before the 4 Sep 2023 review),https://www.hsi.com.hk/static/uploads/contents/en/news/pressRelease/20230818T183005.pdf
54,0981.HK,Smic,Commerce & Industry,0.64,Hang Seng Index constituents in force July 2023 (before the 4 Sep 2023 review),https://www.hsi.com.hk/static/uploads/contents/en/news/pressRelease/20230818T183005.pdf
55,2899.HK,Zijin Mining,Commerce & Industry,0.58,Hang Seng Index constituents in force July 2023 (before the 4 Sep 2023 review),https://www.hsi.com.hk/static/uploads/contents/en/news/pressRelease/20230818T183005.pdf
56,2313.HK,Shenzhou Intl,Commerce & Industry,0.56,Hang Seng Index constituents in force July 2023 (before the 4 Sep 2023 review),https://www.hsi.com.hk/static/uploads/contents/en/news/pressRelease/20230818T183005.pdf
57,0066.HK,Mtr Corporation,Commerce & Industry,0.55,Hang Seng Index constituents in force July 2023 (before the 4 Sep 2023 review),https://www.hsi.com.hk/static/uploads/contents/en/news/pressRelease/20230818T183005.pdf
58,0992.HK,Lenovo Group,Commerce & Industry,0.5,Hang Seng Index constituents in force July 2023 (before the 4 Sep 2023 review),https://www.hsi.com.hk/static/uploads/contents/en/news/pressRelease/20230818T183005.pdf
59,0175.HK,Geely Auto,Commerce & Industry,0.51,Hang Seng Index constituents in force July 2023 (before the 4 Sep 2023 review),https://www.hsi.com.hk/static/uploads/contents/en/news/pressRelease/20230818T183005.pdf
60,0267.HK,Citic,Commerce & Industry,0.5,Hang Seng Index constituents in force July 2023 (before the 4 Sep 2023 review),https://www.hsi.com.hk/static/uploads/contents/en/news/pressRelease/20230818T183005.pdf
61,6618.HK,Jd Health,Commerce & Industry,0.49,Hang Seng Index constituents in force July 2023 (before the 4 Sep 2023 review),https://www.hsi.com.hk/static/uploads/contents/en/news/pressRelease/20230818T183005.pdf
62,6690.HK,Haier Smarthome,Commerce & Industry,0.49,Hang Seng Index constituents in force July 2023 (before the 4 Sep 2023 review),https://www.hsi.com.hk/static/uploads/contents/en/news/pressRelease/20230818T183005.pdf
63,1093.HK,Cspc Pharma,Commerce & Industry,0.46,Hang Seng Index constituents in force July 2023 (before the 4 Sep 2023 review),https://www.hsi.com.hk/static/uploads/contents/en/news/pressRelease/20230818T183005.pdf
64,2382.HK,Sunny Optical,Commerce & Industry,0.42,Hang Seng Index constituents in force July 2023 (before the 4 Sep 2023 review),https://www.hsi.com.hk/static/uploads/contents/en/news/pressRelease/20230818T183005.pdf
65,6862.HK,Haidilao,Commerce & Industry,0.38,Hang Seng Index constituents in force July 2023 (before the 4 Sep 2023 review),https://www.hsi.com.hk/static/uploads/contents/en/news/pressRelease/20230818T183005.pdf
66,9961.HK,Trip.Com - S,Commerce & Industry,0.38,Hang Seng Index constituents in force July 2023 (before the 4 Sep 2023 review),https://www.hsi.com.hk/static/uploads/contents/en/news/pressRelease/20230818T183005.pdf
67,1177.HK,Sino Biopharm,Commerce & Industry,0.31,Hang Seng Index constituents in force July 2023 (before the 4 Sep 2023 review),https://www.hsi.com.hk/static/uploads/contents/en/news/pressRelease/20230818T183005.pdf
68,0762.HK,China Unicom,Commerce & Industry,0.31,Hang Seng Index constituents in force July 2023 (before the 4 Sep 2023 review),https://www.hsi.com.hk/static/uploads/contents/en/news/pressRelease/20230818T183005.pdf
69,0968.HK,Xinyi Solar,Commerce & Industry,0.3,Hang Seng Index constituents in force July 2023 (before the 4 Sep 2023 review),https://www.hsi.com.hk/static/uploads/contents/en/news/pressRelease/20230818T183005.pdf
70,1876.HK,Bud Apac,Commerce & Industry,0.29,Hang Seng Index constituents in force July 2023 (before the 4 Sep 2023 review),https://www.hsi.com.hk/static/uploads/contents/en/news/pressRelease/20230818T183005.pdf
71,0288.HK,Wh Group,Commerce & Industry,0.29,Hang Seng Index constituents in force July 2023 (before the 4 Sep 2023 review),https://www.hsi.com.hk/static/uploads/contents/en/news/pressRelease/20230818T183005.pdf
72,0241.HK,Ali Health,Commerce & Industry,0.25,Hang Seng Index constituents in force July 2023 (before the 4 Sep 2023 review),https://www.hsi.com.hk/static/uploads/contents/en/news/pressRelease/20230818T183005.pdf
73,1929.HK,Chow Tai Fook,Commerce & Industry,0.21,Hang Seng Index constituents in force July 2023 (before the 4 Sep 2023 review),https://www.hsi.com.hk/static/uploads/contents/en/news/pressRelease/20230818T183005.pdf
74,0868.HK,Xinyi Glass,Commerce & Industry,0.2,Hang Seng Index constituents in force July 2023 (before the 4 Sep 2023 review),https://www.hsi.com.hk/static/uploads/contents/en/news/pressRelease/20230818T183005.pdf
75,0322.HK,Tingyi,Commerce & Industry,0.19,Hang Seng Index constituents in force July 2023 (before the 4 Sep 2023 review),https://www.hsi.com.hk/static/uploads/contents/en/news/pressRelease/20230818T183005.pdf
76,1044.HK,Hengan Int'L,Commerce & Industry,0.18,Hang Seng Index constituents in force July 2023 (before the 4 Sep 2023 review),https://www.hsi.com.hk/static/uploads/contents/en/news/pressRelease/20230818T183005.pdf
77,1378.HK,Chinahongqiao,Commerce & Industry,0.18,Hang Seng Index constituents in force July 2023 (before the 4 Sep 2023 review),https://www.hsi.com.hk/static/uploads/contents/en/news/pressRelease/20230818T183005.pdf
78,0881.HK,Zhongsheng Hldg,Commerce & Industry,0.14,Hang Seng Index constituents in force July 2023 (before the 4 Sep 2023 review),https://www.hsi.com.hk/static/uploads/contents/en/news/pressRelease/20230818T183005.pdf
79,0316.HK,Ooil,Commerce & Industry,0.14,Hang Seng Index constituents in force July 2023 (before the 4 Sep 2023 review),https://www.hsi.com.hk/static/uploads/contents/en/news/pressRelease/20230818T183005.pdf
80,3692.HK,Hansoh Pharma,Commerce & Industry,0.1,Hang Seng Index constituents in force July 2023 (before the 4 Sep 2023 review),https://www.hsi.com.hk/static/uploads/contents/en/news/pressRelease/20230818T183005.pdf
