date,PDD,JD
2023-06-26,69.58,34.97
2023-06-27,71.68,35.75
2023-06-28,70.21,34.79
2023-06-29,68.9,34.02
2023-06-30,69.14,34.13
2023-07-03,71.29,35.15
2023-07-05,71.84,35.2
2023-07-06,67.69,34.08
2023-07-07,70.0,35.76
2023-07-10,70.14,35.95
2023-07-11,71.04,36.02
2023-07-12,75.34,37.41
2023-07-13,80.93,39.36
2023-07-14,79.49,38.14
2023-07-17,79.1,37.78
2023-07-18,75.67,36.06
2023-07-19,75.23,36.41
2023-07-20,74.88,36.67
2023-07-21,75.97,37.07
2023-07-24,78.85,38.36
2023-07-25,82.99,38.53
2023-07-26,84.11,39.13
2023-07-27,84.53,37.98
2023-07-28,89.35,40.53
2023-07-31,89.82,41.31
2023-08-01,90.09,40.04
2023-08-02,84.01,38.25
2023-08-03,88.81,39.56
2023-08-04,87.52,39.09
2023-08-07,85.6,38.91
2023-08-08,83.72,38.05
2023-08-09,83.48,37.67
2023-08-10,84.72,38.49
2023-08-11,81.55,36.46
2023-08-14,81.45,36.76
2023-08-15,78.84,35.97
2023-08-16,79.02,34.88
2023-08-17,79.66,34.76
2023-08-18,76.98,33.11
2023-08-21,78.06,33.22
2023-08-22,77.49,33.28
2023-08-23,77.92,33.81
2023-08-24,78.27,33.02
2023-08-25,79.91,32.96
2023-08-28,80.76,33.81
2023-08-29,93.22,34.5
2023-08-30,98.14,33.97
2023-08-31,98.97,33.21
2023-09-01,103.29,34.1
2023-09-05,101.06,34.26
2023-09-06,101.59,33.79
2023-09-07,96.61,32.34
2023-09-08,95.34,32.4
2023-09-11,97.4,31.92
2023-09-12,98.88,31.73
2023-09-13,98.26,31.69
2023-09-14,99.07,31.72
2023-09-15,99.46,31.57
2023-09-18,99.81,31.12
2023-09-19,98.35,30.64
2023-09-20,94.48,30.35
2023-09-21,92.17,29.81
2023-09-22,95.93,30.41
2023-09-25,96.69,29.78
2023-09-26,93.93,29.03
2023-09-27,95.0,28.95
2023-09-28,95.61,28.55
2023-09-29,98.07,29.13
2023-10-02,99.67,29.07
2023-10-03,97.9,28.46
2023-10-04,98.16,28.39
2023-10-05,98.36,28.65
2023-10-06,105.64,29.61
2023-10-09,106.96,29.23
2023-10-10,109.55,30.27
2023-10-11,110.07,30.34
2023-10-12,106.9,27.83
2023-10-13,106.1,27.05
2023-10-16,105.32,27.64
2023-10-17,104.85,26.65
2023-10-18,105.33,25.88
2023-10-19,104.07,25.07
2023-10-20,102.78,24.38
2023-10-23,104.19,24.8
2023-10-24,108.34,25.25
2023-10-25,107.49,25.12
2023-10-26,107.58,25.92
2023-10-27,108.28,25.65
2023-10-30,104.26,25.94
2023-10-31,101.42,25.42
2023-11-01,102.93,25.33
2023-11-02,101.31,25.81
2023-11-03,106.42,26.94
2023-11-06,107.13,27.11
2023-11-07,109.37,26.82
2023-11-08,109.65,26.45
2023-11-09,108.33,25.75
2023-11-10,109.04,25.76
2023-11-13,109.23,25.75
2023-11-14,111.0,26.71
2023-11-15,114.42,28.59
2023-11-16,113.05,28.08
2023-11-17,115.15,27.61
2023-11-20,118.78,28.55
2023-11-21,117.34,28.08
2023-11-22,117.44,28.31
2023-11-24,118.7,28.76
2023-11-27,117.72,28.34
2023-11-28,139.0,28.16
2023-11-29,141.73,27.44
2023-11-30,147.44,27.43
2023-12-01,145.27,27.16
2023-12-04,142.83,26.59
2023-12-05,143.46,26.12
2023-12-06,141.99,26.6
2023-12-07,140.29,26.93
2023-12-08,138.96,26.45
2023-12-11,143.01,25.6
2023-12-12,147.18,25.18
2023-12-13,146.41,25.29
2023-12-14,146.41,26.24
2023-12-15,148.35,27.41
2023-12-18,148.41,26.64
2023-12-19,150.09,27.6
2023-12-20,146.43,26.43
2023-12-21,146.72,27.98
2023-12-22,144.48,27.59
2023-12-26,145.22,27.61
2023-12-27,144.45,27.75
2023-12-28,145.35,28.51
2023-12-29,146.31,28.89
2024-01-02,145.64,27.2
2024-01-03,148.95,27.47
2024-01-04,147.74,27.16
2024-01-05,146.53,26.68
2024-01-08,147.55,25.96
2024-01-09,150.48,25.32
2024-01-10,149.19,25.28
2024-01-11,151.33,25.39
2024-01-12,148.63,24.7
2024-01-16,143.16,23.58
2024-01-17,142.15,22.42
2024-01-18,142.06,22.02
2024-01-19,143.64,22.29
2024-01-22,141.37,21.66
2024-01-23,140.9,23.22
2024-01-24,144.5,23.6
2024-01-25,144.43,23.93
2024-01-26,141.77,23.86
2024-01-29,130.15,23.46
2024-01-30,125.28,22.75
2024-01-31,126.87,22.55
2024-02-01,126.59,22.22
2024-02-02,124.59,21.78
2024-02-05,121.14,22.39
2024-02-06,125.78,24.11
2024-02-07,128.78,23.05
2024-02-08,126.655,22.05
2024-02-09,127.48,22.38
2024-02-12,131.57,22.89
2024-02-13,129.04,22.13
2024-02-14,132.01,23.14
2024-02-15,135.32,23.56
2024-02-16,135.26,24.22
2024-02-20,131.3,23.23
2024-02-21,129.76,23.79
2024-02-22,131.63,23.96
2024-02-23,127.69,23.9
2024-02-26,126.48,23.7
2024-02-27,128.33,24.08
2024-02-28,125.01,22.81
2024-02-29,124.54,22.62
2024-03-01,126.85,23.0
2024-03-04,122.12,21.88
2024-03-05,121.33,21.44
2024-03-06,116.64,24.91
2024-03-07,117.14,23.99
2024-03-08,110.34,24.75
2024-03-11,111.89,26.07
2024-03-12,118.16,27.37
2024-03-13,122.36,28.01
2024-03-14,123.2,27.05
2024-03-15,123.74,27.45
2024-03-18,128.71,27.85
2024-03-19,127.68,27.59
2024-03-20,132.17,28.14
2024-03-21,122.3,27.05
2024-03-22,122.99,26.5
2024-03-25,119.87,26.8
2024-03-26,120.1,26.36
2024-03-27,116.66,27.23
2024-03-28,116.25,27.39
2024-04-01,119.16,27.76
2024-04-02,118.24,27.81
2024-04-03,119.52,27.27
2024-04-04,117.47,26.12
2024-04-05,117.87,26.02
2024-04-08,117.62,25.94
2024-04-09,121.1,26.7
2024-04-10,119.7,26.67
2024-04-11,121.13,26.99
2024-04-12,115.5,25.39
2024-04-15,114.29,25.42
2024-04-16,113.52,25.06
2024-04-17,113.43,25.15
2024-04-18,113.7,25.46
2024-04-19,113.49,25.51
2024-04-22,124.14,26.99
2024-04-23,128.02,27.55
2024-04-24,127.55,28.27
2024-04-25,125.79,28.59
2024-04-26,129.31,30.34
2024-04-29,126.82,29.89
2024-04-30,125.18,28.89
2024-05-01,124.49,29.27
2024-05-02,137.54,32.64
2024-05-03,140.18,32.87
2024-05-06,138.64,32.71
2024-05-07,137.65,32.13
2024-05-08,139.16,31.95
2024-05-09,136.38,32.37
2024-05-10,136.27,32.2
2024-05-13,140.52,33.78
2024-05-14,138.69,33.35
2024-05-15,141.3,33.62
2024-05-16,143.38,34.27
2024-05-17,146.19,35.27
2024-05-20,146.77,34.75
2024-05-21,145.45,33.29
2024-05-22,147.09,32.68
2024-05-23,153.63,31.2
2024-05-24,157.57,30.27
2024-05-28,149.72,29.89
2024-05-29,151.27,29.32
2024-05-30,152.03,30.21
2024-05-31,149.78,29.62
2024-06-03,146.92,29.9
2024-06-04,145.88,30.07
2024-06-05,142.8,30.59
2024-06-06,143.83,29.77
2024-06-07,143.9,29.33
2024-06-10,148.48,29.59
2024-06-11,146.93,29.41
2024-06-12,151.0,29.56
2024-06-13,151.07,29.4
2024-06-14,148.98,28.77
2024-06-17,148.3,29.24
2024-06-18,144.18,29.05
2024-06-20,144.14,28.68
2024-06-21,143.86,28.1
2024-06-24,141.53,28.36
2024-06-25,140.0,27.57
2024-06-26,138.23,27.51
2024-06-27,131.94,26.26
2024-06-28,132.95,25.84
2024-07-01,132.98,25.79
2024-07-02,133.88,26.09
2024-07-03,137.34,26.87
2024-07-05,136.19,26.76
2024-07-08,134.68,26.47
2024-07-09,137.72,26.82
2024-07-10,138.07,26.76
2024-07-11,139.24,28.63
2024-07-12,142.42,28.15
2024-07-15,137.99,26.65
2024-07-16,135.84,27.2
2024-07-17,131.82,26.98
2024-07-18,132.08,26.28
2024-07-19,133.04,26.26
2024-07-22,134.24,26.85
2024-07-23,133.08,26.19
2024-07-24,131.87,25.76
2024-07-25,129.74,26.33
2024-07-26,130.8,26.56
2024-07-29,127.59,26.61
2024-07-30,123.16,26.36
2024-07-31,128.89,26.39
2024-08-01,127.82,25.24
2024-08-02,127.41,25.16
2024-08-05,126.19,24.95
2024-08-06,132.62,25.45
2024-08-07,133.15,25.33
2024-08-08,138.02,25.98
2024-08-09,138.04,25.88
2024-08-12,142.47,26.07
2024-08-13,144.02,26.13
2024-08-14,141.98,25.9
2024-08-15,145.08,27.0
2024-08-16,149.29,29.29
2024-08-19,151.11,29.54
2024-08-20,144.22,28.19
2024-08-21,145.93,27.02
2024-08-22,147.19,26.64
2024-08-23,139.87,26.83
2024-08-26,100.0,25.8
2024-08-27,95.91,26.38
2024-08-28,89.17,25.94
2024-08-29,93.42,26.37
2024-08-30,96.11,27.0
2024-09-03,97.75,26.7
2024-09-04,92.75,26.83
2024-09-05,92.68,26.38
2024-09-06,93.3,26.07
2024-09-09,92.46,25.89
2024-09-10,93.06,25.98
2024-09-11,95.28,26.56
2024-09-12,97.33,26.65
2024-09-13,94.99,26.24
2024-09-16,97.2,26.3
2024-09-17,98.38,26.92
2024-09-18,98.23,26.92
2024-09-19,99.98,28.74
2024-09-20,99.9,28.55
2024-09-23,102.3,29.76
2024-09-24,113.8,33.9
2024-09-25,113.94,33.21
2024-09-26,129.4,37.99
2024-09-27,135.38,39.9
2024-09-30,134.81,40.0
2024-10-01,145.64,42.93
2024-10-02,152.71,44.8
2024-10-03,152.62,44.6
2024-10-04,154.27,46.97
2024-10-07,153.09,47.08
2024-10-08,144.86,43.54
2024-10-09,141.47,42.84
2024-10-10,141.58,43.22
2024-10-11,144.76,43.83
2024-10-14,136.03,44.14
2024-10-15,128.21,40.16
2024-10-16,127.4,40.54
2024-10-17,123.63,38.85
2024-10-18,124.62,39.98
2024-10-21,124.86,39.68
2024-10-22,128.51,40.35
2024-10-23,122.34,40.0
2024-10-24,121.38,39.33
2024-10-25,122.47,39.9
2024-10-28,125.79,41.64
2024-10-29,125.25,41.14
2024-10-30,120.87,40.03
2024-10-31,120.59,40.62
2024-11-01,120.56,40.44
2024-11-04,122.32,39.86
2024-11-05,122.15,40.03
2024-11-06,120.57,38.67
2024-11-07,125.87,41.23
2024-11-08,117.81,38.35
2024-11-11,117.15,39.02
2024-11-12,113.8,36.1
2024-11-13,113.41,35.69
2024-11-14,112.33,33.35
2024-11-15,114.0,35.0
2024-11-18,117.31,35.33
2024-11-19,117.68,35.19
2024-11-20,116.49,35.18
2024-11-21,104.09,35.38
2024-11-22,100.07,34.68
2024-11-25,100.69,34.51
2024-11-26,99.31,35.33
2024-11-27,98.8,37.19
2024-11-29,96.56,37.38
2024-12-02,98.98,37.47
2024-12-03,98.45,37.1
2024-12-04,98.71,35.73
2024-12-05,99.0,36.41
2024-12-06,99.89,37.18
2024-12-09,110.33,41.27
2024-12-10,104.49,39.565
2024-12-11,103.42,38.21
2024-12-12,104.66,38.11
2024-12-13,102.27,37.29
2024-12-16,99.61,36.71
2024-12-17,102.42,37.27
2024-12-18,101.35,36.44
2024-12-19,101.0,35.91
2024-12-20,99.51,35.64
2024-12-23,100.58,36.29
2024-12-24,99.72,36.46
2024-12-26,98.87,36.13
2024-12-27,97.45,34.98
2024-12-30,94.39,34.26
2024-12-31,96.99,34.67
2025-01-02,96.89,34.23
2025-01-03,96.82,35.34
2025-01-06,99.02,35.14
2025-01-07,100.62,34.98
2025-01-08,100.32,34.72
2025-01-10,94.68,33.1
2025-01-13,95.98,33.39
2025-01-14,98.13,34.74
2025-01-15,100.7,35.37
2025-01-16,100.26,35.42
2025-01-17,105.57,39.0
2025-01-21,104.15,38.5
2025-01-22,103.08,39.12
2025-01-23,104.01,38.7
2025-01-24,111.34,40.72
2025-01-27,110.88,40.3
2025-01-28,112.18,41.07
2025-01-29,112.04,40.26
2025-01-30,115.4,42.3
2025-01-31,111.91,40.72
2025-02-03,105.24,40.03
2025-02-04,114.05,41.16
2025-02-05,110.14,39.81
2025-02-06,112.72,40.01
2025-02-07,114.27,40.17
2025-02-10,116.34,42.17
2025-02-11,117.48,40.8
2025-02-12,118.83,39.31
2025-02-13,121.54,39.59
2025-02-14,124.16,41.38
2025-02-18,128.46,38.91
2025-02-19,124.43,39.19
2025-02-20,124.41,41.19
2025-02-21,131.34,42.42
2025-02-24,119.77,39.31
2025-02-25,119.17,40.07
2025-02-26,119.77,42.53
2025-02-27,118.68,42.54
2025-02-28,113.69,41.9
2025-03-03,112.6,40.24
2025-03-04,113.41,40.95
2025-03-05,120.21,43.76
2025-03-06,119.82,43.92
2025-03-07,119.92,42.29
2025-03-10,115.63,40.64
2025-03-11,117.98,40.75
2025-03-12,117.86,40.37
2025-03-13,118.76,41.24
2025-03-14,122.54,43.16
2025-03-17,128.9,45.21
2025-03-18,126.79,44.92
2025-03-19,125.92,44.83
2025-03-20,130.92,42.98
2025-03-21,126.64,42.24
2025-03-24,128.12,42.57
2025-03-25,125.25,41.47
2025-03-26,122.47,41.78
2025-03-27,124.36,42.89
2025-03-28,120.45,41.58
2025-03-31,118.35,41.12
2025-04-01,122.19,41.32
2025-04-02,119.07,41.09
2025-04-03,113.67,39.9
2025-04-04,104.21,36.81
2025-04-07,100.01,34.92
2025-04-08,93.98,33.02
2025-04-09,94.15,35.075
2025-04-10,88.35,35.58
2025-04-11,90.5,36.42
2025-04-14,94.78,38.18
2025-04-15,94.07,37.44
2025-04-16,92.35,35.33
2025-04-17,93.69,34.72
2025-04-21,94.36,34.06
2025-04-22,98.34,33.67
2025-04-23,100.43,33.56
2025-04-24,103.27,32.47
2025-04-25,104.01,32.53
2025-04-28,103.09,32.7
2025-04-29,104.15,32.88
2025-04-30,105.57,32.62
2025-05-01,105.97,32.85
2025-05-02,110.92,34.47
2025-05-05,110.85,34.06
2025-05-06,111.32,34.06
2025-05-07,109.39,33.82
2025-05-08,109.9,34.12
2025-05-09,109.65,33.86
2025-05-12,116.38,36.05
2025-05-13,119.45,37.25
2025-05-14,118.89,35.73
2025-05-15,117.84,34.35
2025-05-16,117.61,33.55
2025-05-19,118.45,33.69
2025-05-20,117.38,33.95
2025-05-21,116.2,33.65
2025-05-22,119.8,33.69
2025-05-23,119.24,33.35
2025-05-27,102.98,32.54
2025-05-28,97.88,31.58
2025-05-29,98.29,32.94
2025-05-30,96.51,32.41
2025-06-02,96.44,32.86
2025-06-03,98.33,32.41
2025-06-04,99.65,33.33
2025-06-05,99.33,33.09
2025-06-06,100.6,33.12
2025-06-09,101.62,33.94
2025-06-10,102.39,33.79
2025-06-11,103.16,33.73
2025-06-12,103.43,33.61
2025-06-13,100.58,32.76
2025-06-16,102.79,33.48
2025-06-17,102.53,33.17
2025-06-18,102.25,32.5
2025-06-20,101.21,31.44
2025-06-23,101.95,31.59
2025-06-24,107.16,32.58
2025-06-25,107.14,32.94
2025-06-26,105.75,33.26
2025-06-27,105.14,33.07
2025-06-30,104.66,32.64
2025-07-01,105.49,32.7
2025-07-02,103.97,32.47
2025-07-03,103.59,32.07
2025-07-07,105.25,32.02
2025-07-08,106.31,32.7
2025-07-09,105.0,31.6
2025-07-10,104.97,31.22
2025-07-11,104.91,31.1
2025-07-14,102.41,30.8
2025-07-15,105.06,32.04
2025-07-16,105.13,31.64
2025-07-17,107.95,32.69
2025-07-18,109.0,33.92
2025-07-21,111.66,33.4
2025-07-22,115.04,33.88
2025-07-23,118.46,33.93
2025-07-24,118.21,33.47
2025-07-25,118.45,33.18
2025-07-28,116.76,33.22
2025-07-29,115.415,32.22
2025-07-30,112.92,31.75
2025-07-31,113.45,31.49
2025-08-01,110.06,30.91
2025-08-04,112.04,31.62
2025-08-05,112.62,31.34
2025-08-06,113.94,31.34
2025-08-07,114.19,31.75
2025-08-08,114.26,31.49
2025-08-11,113.04,31.18
2025-08-12,116.43,32.12
2025-08-13,116.63,32.51
2025-08-14,114.74,31.58
2025-08-15,118.95,31.7
2025-08-18,118.34,31.77
2025-08-19,119.07,31.24
2025-08-20,118.0,31.17
2025-08-21,122.96,31.18
2025-08-22,127.11,31.88
2025-08-25,128.21,31.99
2025-08-26,123.91,31.81
2025-08-27,122.22,30.82
2025-08-28,122.22,30.39
2025-08-29,120.22,31.07
2025-09-02,121.69,31.58
2025-09-03,124.39,31.2
2025-09-04,123.87,30.93
2025-09-05,124.68,31.45
2025-09-08,125.03,32.85
2025-09-09,126.06,33.87
2025-09-10,124.68,33.32
2025-09-11,125.72,34.4
2025-09-12,125.44,33.67
2025-09-15,127.39,33.62
2025-09-16,129.06,34.71
2025-09-17,134.86,35.24
2025-09-18,132.96,35.38
2025-09-19,129.47,35.1
2025-09-22,128.57,33.93
2025-09-23,128.52,32.94
2025-09-24,130.96,34.83
2025-09-25,131.01,35.17
2025-09-26,129.99,34.5
2025-09-29,130.67,35.64
2025-09-30,132.17,34.98
2025-10-01,134.4,36.17
2025-10-02,135.24,35.98
2025-10-03,134.25,35.4
2025-10-06,134.33,35.91
2025-10-07,133.48,34.89
2025-10-08,133.77,34.98
2025-10-09,131.25,33.97
2025-10-10,124.27,31.85
2025-10-13,127.55,33.25
2025-10-14,127.1,32.71
2025-10-15,127.58,33.14
2025-10-16,127.35,32.74
2025-10-17,128.48,33.07
2025-10-20,131.56,33.76
2025-10-21,130.71,32.83
2025-10-22,130.06,32.46
2025-10-23,133.29,33.18
2025-10-24,133.96,33.19
2025-10-27,137.76,34.2
2025-10-28,138.03,34.53
2025-10-29,138.08,34.36
2025-10-30,136.01,33.37
2025-10-31,134.87,33.04
2025-11-03,134.68,32.78
2025-11-04,133.84,31.82
2025-11-05,136.34,32.04
2025-11-06,136.74,31.95
2025-11-07,135.78,31.79
2025-11-10,138.13,31.41
2025-11-11,137.11,31.61
2025-11-12,136.04,31.25
2025-11-13,134.47,30.71
2025-11-14,130.95,29.31
2025-11-17,129.04,29.54
2025-11-18,119.58,29.45
2025-11-19,118.02,28.875
2025-11-20,112.93,28.39
2025-11-21,113.24,28.93
2025-11-24,113.49,29.06
2025-11-25,114.0,29.14
2025-11-26,115.8,29.42
2025-11-28,116.08,29.83
2025-12-01,118.27,29.89
2025-12-02,118.9,30.05
2025-12-03,117.2,29.87
2025-12-04,116.82,29.74
2025-12-05,117.62,29.9
2025-12-08,117.62,29.92
2025-12-09,117.14,29.7
2025-12-10,115.28,29.61
2025-12-11,111.97,29.54
2025-12-12,111.96,29.44
2025-12-15,110.4,28.85
2025-12-16,109.02,28.85
2025-12-17,105.0,28.6
2025-12-18,105.79,28.8
2025-12-19,109.51,28.82
2025-12-22,111.91,29.09
2025-12-23,112.06,29.08
2025-12-24,113.44,29.17
2025-12-26,115.01,29.4
2025-12-29,114.15,29.27
2025-12-30,113.83,28.71
2025-12-31,113.39,28.7
2026-01-02,115.75,29.53
2026-01-05,119.12,29.65
2026-01-06,122.66,29.6
2026-01-07,120.97,29.03
2026-01-08,121.6,29.67
2026-01-09,120.55,29.45
2026-01-12,118.73,30.73
2026-01-13,112.32,29.88
2026-01-14,107.85,29.83
2026-01-15,107.46,29.41
2026-01-16,106.76,28.9
2026-01-20,104.46,28.38
2026-01-21,105.92,29.07
2026-01-22,106.02,30.0
2026-01-23,106.38,29.84
2026-01-26,106.86,29.78
2026-01-27,106.91,29.5
2026-01-28,102.81,29.23
2026-01-29,102.7,29.07
2026-01-30,101.05,28.48
2026-02-02,103.45,28.53
2026-02-03,103.32,28.04
2026-02-04,102.13,27.55
2026-02-05,101.52,27.32
2026-02-06,105.23,28.07
2026-02-09,105.57,28.01
2026-02-10,105.43,28.35
2026-02-11,104.57,28.27
2026-02-12,100.22,27.52
2026-02-13,100.28,27.14
2026-02-17,101.83,27.33
2026-02-18,102.92,27.41
2026-02-19,101.95,27.27
2026-02-20,104.94,27.41
2026-02-23,105.76,27.23
2026-02-24,106.88,27.52
2026-02-25,106.9,27.54
2026-02-26,105.39,26.98
2026-02-27,103.73,26.53
2026-03-02,102.82,26.35
2026-03-03,100.71,25.64
2026-03-04,101.19,25.4
2026-03-05,100.74,25.47
2026-03-06,101.97,27.03
2026-03-09,102.64,27.47
2026-03-10,104.86,27.73
2026-03-11,102.94,28.11
2026-03-12,101.62,27.94
2026-03-13,102.65,28.32
2026-03-16,103.84,28.49
2026-03-17,104.37,28.54
2026-03-18,100.72,28.2
2026-03-19,97.43,28.02
2026-03-20,96.19,27.27
2026-03-23,96.25,27.54
2026-03-24,98.09,27.47
2026-03-25,102.61,29.75
2026-03-26,100.62,29.18
2026-03-27,99.81,28.7
2026-03-30,98.42,28.94
2026-03-31,102.18,29.57
2026-04-01,101.78,28.87
2026-04-02,100.87,28.46
2026-04-06,100.91,28.51
2026-04-07,99.54,28.46
2026-04-08,103.75,29.05
2026-04-09,100.57,28.34
2026-04-10,100.17,28.93
2026-04-13,100.8,28.94
2026-04-14,102.1,31.25
2026-04-15,101.97,31.47
2026-04-16,103.71,31.33
2026-04-17,104.79,31.6
2026-04-20,104.2,31.37
2026-04-21,98.99,30.52
2026-04-22,100.05,30.61
2026-04-23,97.77,29.98
2026-04-24,98.03,30.27
2026-04-27,98.47,29.75
2026-04-28,97.29,29.73
2026-04-29,97.67,29.7
2026-04-30,99.88,30.32
2026-05-01,99.72,29.96
2026-05-04,97.79,30.04
2026-05-05,96.75,29.68
2026-05-06,102.31,30.69
2026-05-07,101.51,30.21
2026-05-08,98.78,30.13
2026-05-11,98.8,30.53
2026-05-12,95.73,31.49
2026-05-13,99.6,33.77
2026-05-14,95.58,32.86
2026-05-15,95.83,32.01
2026-05-18,94.97,31.6
2026-05-19,97.34,32.38
2026-05-20,98.15,32.46
2026-05-21,97.79,31.47
2026-05-22,94.52,30.52
2026-05-26,96.64,29.99
2026-05-27,86.61,29.84
2026-05-28,83.03,29.14
2026-05-29,84.44,28.83
2026-06-01,87.24,29.09
2026-06-02,88.18,30.15
2026-06-03,85.4,29.41
2026-06-04,85.88,29.19
2026-06-05,85.07,28.88
2026-06-08,82.62,28.59
2026-06-09,81.93,28.73
2026-06-10,81.82,28.45
2026-06-11,81.3,28.06
2026-06-12,81.56,28.56
2026-06-15,83.55,28.68
2026-06-16,81.59,28.38
2026-06-17,79.86,27.91
2026-06-18,79.56,27.57
2026-06-22,78.11,27.02
2026-06-23,76.56,26.12
2026-06-24,75.74,25.48
2026-06-25,73.3,25.19
2026-06-26,76.55,25.39
