month,真实净值(价格),对数收益正确累加,误当简单收益复利,偏离%
2006-07-31,1.0,1.0,1.0,0.0
2006-08-31,1.0212741931150264,1.0212741931150269,1.0210510566201956,-0.021848833186532968
2006-09-30,1.0463631192498966,1.0463631192498963,1.045831352229398,-0.05082050491991286
2006-10-31,1.0793319321628483,1.079331932162848,1.078274936523258,-0.09793054463534956
2006-11-30,1.0971049201699037,1.097104920169903,1.0958859170575477,-0.11111089650087669
2006-12-31,1.1109457575676736,1.110945757567673,1.1096248928911585,-0.11889551470154469
2007-01-31,1.1265645917697344,1.1265645917697344,1.1251165117226896,-0.12853946037573172
2007-02-28,1.10195346343164,1.1019534634316392,1.1002645589874387,-0.15326458877326088
2007-03-31,1.112950940196487,1.1129509401964865,1.1111907491567499,-0.1581553127064539
2007-04-30,1.1611313548087046,1.161131354808704,1.1582828389304634,-0.24532244921682267
2007-05-31,1.1989252848356617,1.1989252848356617,1.1953834766866356,-0.29541525179458406
2007-06-30,1.1775648452502148,1.1775648452502139,1.173894135023501,-0.3117204323413558
2007-07-31,1.1399041096060687,1.1399041096060687,1.135737326942831,-0.36553799816351207
2007-08-31,1.1545673482145786,1.1545673482145782,1.1502537979024063,-0.3736075092408253
2007-09-30,1.1958939413193166,1.1958939413193161,1.1907062573429152,-0.43379130850669245
2007-10-31,1.2136198857970517,1.2136198857970517,1.2082257864221733,-0.4444636609868824
2007-11-30,1.1601679186269331,1.1601679186269331,1.1538039349553069,-0.5485398768100835
2007-12-31,1.1501573998085175,1.1501573998085177,1.143805128124979,-0.5522958583404347
2008-01-31,1.0798098255765534,1.0798098255765534,1.0716151665900195,-0.7588983534353666
2008-02-29,1.0422743481100691,1.042274348110069,1.0337017010527463,-0.8224942955631032
2008-03-31,1.0360627855181277,1.0360627855181272,1.0275227978981147,-0.8242731752730714
2008-04-30,1.0853241495184875,1.0853241495184875,1.075252209967228,-0.9280121110110895
2008-05-31,1.0969090966982613,1.096909096698261,1.0866688237534583,-0.9335571175065116
2008-06-30,1.0026161748084004,1.0026161748084002,0.9889951679427978,-1.3585464914532719
2008-07-31,0.9927310097845761,0.9927310097845761,0.9791959104494518,-1.3634206246928349
2008-08-31,1.0048328620852962,1.0048328620852958,0.9910605916543344,-1.3706031073049019
2008-09-30,0.9136026460646606,0.9136026460646604,0.896730686303067,-1.8467503169205424
2008-10-31,0.7588159526137797,0.7588159526137797,0.7302647636716016,-3.7625973523397915
2008-11-30,0.7020193052493024,0.7020193052493024,0.6734513646541617,-4.069395297469159
2008-12-31,0.707510203043506,0.707510203043506,0.6786983230136499,-4.0722918066645075
2009-01-31,0.6469067588643348,0.6469067588643348,0.6179209699038587,-4.480674929314632
2009-02-28,0.5757915241137769,0.5757915241137769,0.5459600483161936,-5.1809508386734375
2009-03-31,0.6249666894521809,0.6249666894521809,0.590702944852539,-5.482491335606388
2009-04-30,0.6836667352240051,0.6836667352240047,0.6437316585349779,-5.8413075598803825
2009-05-31,0.7199567543751201,0.7199567543751201,0.6770258314474649,-5.962986341438903
2009-06-30,0.7200977415376866,0.7200977415376862,0.6771583985850778,-5.962988143931236
2009-07-31,0.7734870318105094,0.7734870318105093,0.7255900872658766,-6.192339699932637
2009-08-31,0.7994454026854398,0.7994454026854391,0.7495413345034773,-6.242336001223903
2009-09-30,0.8280042671923303,0.82800426719233,0.7758502858394601,-6.298757557097923
2009-10-31,0.811641246427871,0.8116412464278707,0.7603644070832035,-6.317672933742946
2009-11-30,0.8582002847663395,0.8582002847663391,0.8027768315797266,-6.45810239991973
2009-12-31,0.8734509937897761,0.8734509937897754,0.8169173604163368,-6.472444793742593
2010-01-31,0.8411558021452423,0.8411558021452421,0.786139897800012,-6.540512970952639
2010-02-28,0.8651402571273098,0.8651402571273096,0.8082420164273366,-6.5767648923081286
2010-03-31,0.9160074118419081,0.9160074118419076,0.8544191583636525,-6.723554054482372
2010-04-30,0.9295269763565149,0.9295269763565145,0.8669375721570957,-6.733468289941646
2010-05-31,0.853328219739943,0.8533282197399428,0.7927870380187048,-7.094712247965795
2010-06-30,0.8073488112281813,0.8073488112281813,0.7488757932740667,-7.24259664978788
2010-07-31,0.8628765263210937,0.862876526321093,0.7986878650235802,-7.4389161530658665
2010-08-31,0.82193373957142,0.8219337395714195,0.7598621919867233,-7.551891910053799
2010-09-30,0.8938949451058427,0.8938949451058419,0.823636266353344,-7.859836229880413
2010-10-31,0.9268403318710636,0.9268403318710627,0.8534461763650517,-7.918748567819344
2010-11-30,0.9247176360358789,0.9247176360358784,0.8514893297858985,-7.918990986686348
2010-12-31,0.9851017349787478,0.9851017349787475,0.9053515539395457,-8.095628929221466
2011-01-31,1.0074099295695258,1.0074099295695251,0.925625063956534,-8.118330305513178
2011-02-28,1.0396032891841285,1.0396032891841276,0.954742059834477,-8.162847331528722
2011-03-31,1.038514499207766,1.038514499207765,0.9537416221444838,-8.162897786015645
2011-04-30,1.0681073651904083,1.0681073651904072,0.9805388421045117,-8.19847572816671
2011-05-31,1.0536868979659315,1.053686897965931,0.9672104566010081,-8.207033942612373
2011-06-30,1.0344492498325986,1.0344492498325981,0.9493884569117127,-8.222809667526077
2011-07-31,1.0122350466835315,1.0122350466835313,0.9287787944428646,-8.244750319019422
2011-08-31,0.9547490968741965,0.9547490968741964,0.8744754181686312,-8.4078297605494
2011-09-30,0.8862344035640637,0.8862344035640629,0.8093557691268903,-8.674751750552634
2011-10-31,0.9817022662837782,0.9817022662837773,0.8921581993951546,-9.121305915651146
2011-11-30,0.9767361141987412,0.9767361141987405,0.8876335711579422,-9.122478604560836
2011-12-31,0.9850703726258675,0.9850703726258673,0.8951754078528367,-9.125740380700009
2012-01-31,1.028002756444844,1.0280027564448433,0.9333636305583258,-9.20611596546783
2012-02-29,1.0697288370810867,1.0697288370810865,0.9704996910317013,-9.276102747696957
2012-03-31,1.1032459174678648,1.1032459174678637,1.0004410386013953,-9.318401023628898
2012-04-30,1.094974383746499,1.0949743837464982,0.9929120199324052,-9.320981872186195
2012-05-31,1.0263734439659455,1.0263734439659447,0.9286712991803958,-9.519161408543953
2012-06-30,1.066971627301655,1.0669716273016543,0.964696984744246,-9.58550723753161
2012-07-31,1.0804128815509908,1.0804128815509901,0.9767739152984971,-9.592533375177315
2012-08-31,1.1017654805482178,1.101765480548217,0.9958899763617725,-9.609622560852394
2012-09-30,1.1284680379855463,1.1284680379855454,1.0197386719337067,-9.635130317552887
2012-10-31,1.106136321630108,1.1061363216301068,0.9993562961126881,-9.653423672053263
2012-11-30,1.1092851783528244,1.1092851783528237,1.0021971387338322,-9.65378801671244
2012-12-31,1.1171258621898055,1.1171258621898044,1.0092559820914158,-9.656018515849386
2013-01-31,1.173460392933947,1.1734603929339458,1.0589091479718393,-9.761833092270011
2013-02-28,1.186439626179877,1.1864396261798755,1.0705570714329595,-9.767252558820761
2013-03-31,1.2291368879691815,1.2291368879691806,1.1084069317902194,-9.822336092966498
2013-04-30,1.2513667722946886,1.2513667722946868,1.1282742014501217,-9.836650098903178
2013-05-31,1.2773486649342791,1.2773486649342776,1.1514604646340167,-9.855429747267907
2013-06-30,1.2581893270662172,1.2581893270662154,1.1340585246502088,-9.865828595562032
2013-07-31,1.3204219881073576,1.320421988107356,1.188808293698084,-9.967547919883069
2013-08-31,1.2790953950026194,1.2790953950026187,1.1510062489293402,-10.014041687095343
2013-09-30,1.3171478732069795,1.3171478732069781,1.184748677783154,-10.051961371767714
2013-10-31,1.375887074111439,1.3758870741114377,1.236439228370801,-10.135122886498138
2013-11-30,1.4144799792014056,1.4144799792014038,1.2706432050322178,-10.168880173927652
2013-12-31,1.4478090767047613,1.4478090767047598,1.3002358175316107,-10.192867384768023
2014-01-31,1.3962918224864054,1.3962918224864043,1.2531264434216376,-10.253256286342083
2014-02-28,1.456495779134072,1.4564957791340698,1.306025139990781,-10.331004133273225
2014-03-31,1.4665924488059787,1.4665924488059763,1.3150474861096717,-10.333133981406139
2014-04-30,1.4756864793550142,1.4756864793550124,1.3231766406776113,-10.334840144639745
2014-05-31,1.506720579316203,1.506720579316201,1.35071485228369,-10.353991919544448
2014-06-30,1.5354361599705653,1.5354361599705628,1.3762149935409111,-10.369767925271889
2014-07-31,1.5122820424043872,1.5122820424043855,1.355303836591337,-10.3802201845543
2014-08-31,1.569227469711186,1.5692274697111843,1.4054008056718827,-10.439956424510932
2014-09-30,1.5448827301387142,1.5448827301387122,1.383426751172477,-10.451018437609195
2014-10-31,1.580726266037469,1.580726266037467,1.4151575788888575,-10.47421623249518
2014-11-30,1.6195071540108577,1.6195071540108545,1.4494574232950885,-10.500091357708763
2014-12-31,1.6127237065634998,1.6127237065634978,1.4433734935773566,-10.500881973577858
2015-01-31,1.5626634631170602,1.5626634631170577,1.3978599158053717,-10.546323709581918
2015-02-28,1.6484419842845928,1.648441984284591,1.4725599789666477,-10.669590255205497
2015-03-31,1.6197655109544014,1.6197655109543994,1.4467177331624093,-10.683507990612085
2015-04-30,1.6335672410280007,1.6335672410279976,1.4589927317286955,-10.686704833126171
2015-05-31,1.6507056194738794,1.650705619473877,1.47421984446803,-10.691535360623527
2015-06-30,1.6160215344623972,1.6160215344623952,1.4429139621709144,-10.711959500531687
2015-07-31,1.6479250791636464,1.6479250791636444,1.471122472713229,-10.728801247454046
2015-08-31,1.5447965792852232,1.5447965792852214,1.376051578656197,-10.923444736465193
2015-09-30,1.5039477839772608,1.5039477839772581,1.3391751426079406,-10.956008122407768
2015-10-31,1.6287500601191445,1.6287500601191425,1.4459333540765889,-11.224356057993479
2015-11-30,1.6295723657129548,1.629572365712952,1.4466631769456513,-11.224367362616562
2015-12-31,1.601005660617844,1.6010056606178416,1.4210779861924263,-11.23841588142679
2016-01-31,1.519778122827404,1.519778122827402,1.3470858414460936,-11.362992978214004
2016-02-29,1.5135039311466316,1.5135039311466294,1.3415130745994468,-11.363753539568567
2016-03-31,1.613381742272407,1.6133817422724055,1.427242454601379,-11.53721297284891
2016-04-30,1.6177369021778572,1.6177369021778543,1.4310899597919449,-11.537533831035274
2016-05-31,1.6425280771942246,1.6425280771942226,1.4528545008393194,-11.547661132155895
2016-06-30,1.6440242909072411,1.644024290907239,1.4541773344557547,-11.547697774387567
2016-07-31,1.7025676683400586,1.7025676683400548,1.5050596285978841,-11.600598520394644
2016-08-31,1.7004918248003351,1.7004918248003327,1.503223475747354,-11.600664359332846
2016-09-30,1.6983926507298106,1.6983926507298084,1.5013666735133133,-11.600731852662804
2016-10-31,1.6654002204352694,1.665400220435267,1.4719146081365018,-11.61796485461003
2016-11-30,1.7223144766230472,1.722314476623044,1.521376156972577,-11.666761348046684
2016-12-31,1.7536619132622497,1.7536619132622457,1.5488173880439604,-11.68095877940505
2017-01-31,1.7850250310778926,1.785025031077889,1.5762722123550008,-11.694671788262589
2017-02-28,1.8514246779072017,1.851424677907198,1.6338424035305679,-11.75215373182682
2017-03-31,1.8507041087263931,1.8507041087263894,1.6332063929728589,-11.752160419809654
2017-04-30,1.8675292461111879,1.867529246111184,1.6479871271935038,-11.755752654200368
2017-05-31,1.8891482338740375,1.8891482338740337,1.6669550620454978,-11.7615530557331
2017-06-30,1.8982421688061433,1.8982421688061402,1.6749601570528032,-11.762567254196455
2017-07-31,1.9349709262383277,1.934970926238324,1.7070591228932575,-11.778564745060082
2017-08-31,1.9360282582448805,1.9360282582448765,1.7079916616030741,-11.778577904050557
2017-09-30,1.973399370209532,1.9733993702095274,1.7406468213947577,-11.794497977875661
2017-10-31,2.0171854219751992,2.0171854219751943,1.778846290707911,-11.8154299882809
2017-11-30,2.073833289397354,2.0738332893973497,1.8281124011678658,-11.848632649777436
2017-12-31,2.09422245221281,2.094222452212806,1.8459979483004352,-11.852824118569371
2018-01-31,2.2118731557287115,2.2118731557287066,1.9468953935293487,-11.979790139098856
2018-02-28,2.1257265093825546,2.1257265093825493,1.8695528176437874,-12.0511124365277
2018-03-31,2.0685774180158933,2.0685774180158893,1.818602834403596,-12.08437167665033
2018-04-30,2.0742014145759784,2.0742014145759744,1.8235404971566291,-12.084695134131461
2018-05-31,2.1190214678173973,2.1190214678173924,1.862524494534907,-12.10450093017148
2018-06-30,2.1292826942249956,2.12928269422499,1.8715218835943528,-12.105523204116453
2018-07-31,2.2059827704030033,2.2059827704029975,1.9377512078151884,-12.159277315607165
2018-08-31,2.272742893056576,2.27274289305657,1.9955239317949927,-12.197550462417494
2018-09-30,2.282502704285809,2.282502704285803,2.0040749379978453,-12.198354278624313
2018-10-31,2.124089356315436,2.12408935631543,1.8599231384642618,-12.436681021245343
2018-11-30,2.1620242256964954,2.1620242256964888,1.8928470367047923,-12.450239261541473
2018-12-31,1.9636003560391988,1.9636003560391935,1.7106317005590332,-12.882899246893176
2019-01-31,2.118105075164946,2.1181050751649413,1.8401986268161392,-13.1205222822652
2019-02-28,2.1810739865633355,2.181073986563329,1.8941082638909705,-13.157083365362121
2019-03-31,2.220168115597808,2.220168115597801,1.9277580648803976,-13.170626524319552
2019-04-30,2.307450691066577,2.307450691066571,2.0020931819871137,-13.233544285980702
2019-05-31,2.1556718193673814,2.1556718193673747,1.865868971847484,-13.443736885930303
2019-06-30,2.3042626314027608,2.3042626314027546,1.9902446284499875,-13.62770018804711
2019-07-31,2.334513341860451,2.334513341860445,2.016202841490621,-13.63498313169449
2019-08-31,2.2922781966914823,2.292278196691475,1.9793924581619602,-13.6495534870558
2019-09-30,2.331662236256238,2.3316622362562316,2.013111904704828,-13.66194153673307
2019-10-31,2.3793022239828487,2.3793022239828403,2.0538287883263506,-13.679364999359755
2019-11-30,2.460310416536986,2.46031041653698,2.122591522624575,-13.726678212734134
2019-12-31,2.53065024579766,2.5306502457976534,2.1824247377771906,-13.760317475665584
2020-01-31,2.526530112304952,2.5265301123049455,2.1788686521286005,-13.760432083636653
2020-02-29,2.3140224426319937,2.3140224426319875,1.9874342613683786,-14.113440528785459
2020-03-31,2.0244936151317234,2.024493615131718,1.7217784457193215,-14.952636409905685
2020-04-30,2.281288560514855,2.281288560514849,1.9273946718663162,-15.512894544505574
2020-05-31,2.38458945771719,2.3845894577171833,2.0127522995078375,-15.593340690406254
2020-06-30,2.4284382341886173,2.4284382341886093,2.049427412644516,-15.607183917969202
2020-07-31,2.562248390026045,2.5622483900260353,2.159352144240848,-15.724324283060698
2020-08-31,2.7417714699926825,2.7417714699926723,2.305581491332331,-15.909056733365013
2020-09-30,2.6342173405317584,2.6342173405317513,2.2133164545812014,-15.978214078022567
2020-10-31,2.561339646727955,2.5613396467279457,2.1512203292009153,-16.011906818018318
2020-11-30,2.8368005466228627,2.836800546622852,2.3709598014688495,-16.421342900140957
2020-12-31,2.9421067220709403,2.9421067220709336,2.4573790287007107,-16.475530603085364
2021-01-31,2.9093414776009214,2.909341477600912,2.4298585026978827,-16.48080772211127
2021-02-28,2.98525041930414,2.9852504193041303,2.4924440684835867,-16.508040586271022
2021-03-31,3.111940364868466,3.111940364868458,2.5960370409644984,-16.578187992550863
2021-04-30,3.2750848385111335,3.275084838511121,2.7286876035539733,-16.683452853867276
2021-05-31,3.293053554372902,3.2930535543728925,2.7436175979030346,-16.684695447490128
2021-06-30,3.3662054775305474,3.3662054775305363,2.803897270516732,-16.704512269593398
2021-07-31,3.4427801042970345,3.442780104297025,2.8669658250903867,-16.725270326965035
2021-08-31,3.5425877325965476,3.5425877325965396,2.9488983848740533,-16.758635001746256
2021-09-30,3.3740697787491185,3.3740697787491074,2.805175586454428,-16.860771400691032
2021-10-31,3.6073659075351783,3.6073659075351685,2.992724507515967,-17.03850997580615
2021-11-30,3.57730317996091,3.5773031799609014,2.9676795164234084,-17.041431292501265
2021-12-31,3.7333197939761145,3.7333197939761056,3.094365743155791,-17.11490271611089
2022-01-31,3.537002556509844,3.5370025565098318,2.927213582740094,-17.240275177280694
2022-02-28,3.4260804163237606,3.4260804163237473,2.833944475893738,-17.283188614276423
2022-03-31,3.548642579041018,3.548642579041006,2.9335527676100535,-17.333101255781745
2022-04-30,3.236515646419686,3.236515646419675,2.6634669450450468,-17.705729370057576
2022-05-31,3.236687756892809,3.236687756892799,2.6636085783377488,-17.705729486405918
2022-06-30,2.9650649205485466,2.965064920548535,2.430139073137561,-18.040948908195332
2022-07-31,3.235230937354752,3.2352309373547423,2.6420505653037414,-18.33502409988752
2022-08-31,3.0979273213806433,3.097927321380633,2.5274726774239453,-18.41407446907003
2022-09-30,2.808594317352015,2.8085943173520067,2.2796560877452,-18.83284553909893
2022-10-31,3.032898247618971,3.032898247618961,2.454812470385878,-19.060506816769383
2022-11-30,3.195925303672197,3.195925303672188,2.5833414830345536,-19.16765138201977
2022-12-31,3.007456877481917,3.007456877481907,2.426321272124443,-19.32315670787097
2023-01-31,3.193175934480985,3.1931759344809745,2.571709310259962,-19.46233583656378
2023-02-28,3.1097941472686212,3.1097941472686093,2.503663222131604,-19.491030480888615
2023-03-31,3.218797446913242,3.2187974469132326,2.5899176566151403,-19.53772490099319
2023-04-30,3.2659281788732675,3.265928178873258,2.627565159769436,-19.54614382622658
2023-05-31,3.2740353470928008,3.2740353470927883,2.634079607009112,-19.546390684264946
2023-06-30,3.4859553551169733,3.4859553551169657,2.799286090055533,-19.6981657855569
2023-07-31,3.594504283112549,3.594504283112539,2.885123261297613,-19.735155836305463
2023-08-31,3.5308226431215717,3.530822643121561,2.833551094889754,-19.748132905802517
2023-09-30,3.3588031973153827,3.3588031973153707,2.692026076085189,-19.851628156217483
2023-10-31,3.2849777485062486,3.2849777485062375,2.6321962245725645,-19.871718285778893
2023-11-30,3.577929662083078,3.5779296620830654,2.85705013461278,-20.14795134487356
2023-12-31,3.736178740168548,3.7361787401685334,2.980700508618567,-20.22061266576073
2024-01-31,3.795567944959836,3.795567944959827,3.0277082239071085,-20.230430127653865
2024-02-29,3.9918771506040267,3.9918771506040116,3.180388066090992,-20.3285084660044
2024-03-31,4.115700309387699,4.115700309387684,3.2775407164642476,-20.364932573240402
2024-04-30,3.944425145760838,3.9444251457608237,3.138226299428225,-20.438943991599213
2024-05-31,4.13384113572259,4.133841135722578,3.28542105477763,-20.523770824508414
2024-06-30,4.2771605864339275,4.277160586433916,3.3973959028508123,-20.568895317456782
2024-07-31,4.325583676813248,4.325583676813235,3.435642802047439,-20.573891092113783
2024-08-31,4.42435711240315,4.424357112403136,3.5132123917645957,-20.59383312626982
2024-09-30,4.513715340177784,4.513715340177769,3.5834612948991027,-20.609497391167807
2024-10-31,4.469044258112547,4.469044258112533,3.5478200397932436,-20.61345032882651
2024-11-30,4.725126283669231,4.725126283669215,3.745503557838641,-20.732201998840072
2024-12-31,4.607044730268945,4.607044730268931,3.650713506708757,-20.758019067558752
2025-01-31,4.731510052351225,4.731510052351211,3.74803352066427,-20.785679852846062
2025-02-28,4.664123447575484,4.664123447575474,3.6942699113651036,-20.793907946723245
2025-03-31,4.3957278738361385,4.395727873836123,3.4753224093917794,-20.93863612264797
2025-04-30,4.362210697832431,4.362210697832414,3.448721729196843,-20.940963926604873
2025-05-31,4.630590590395337,4.63059059039532,3.654629203816588,-21.076391175740415
2025-06-30,4.8602995544537935,4.860299554453781,3.8315704721373818,-21.165960467883583
2025-07-31,4.9656055386680125,4.965605538667993,3.9137008702635714,-21.183814546143086
2025-08-31,5.0602819800621495,5.060281980062137,3.987618772296864,-21.197696333754724
2025-09-30,5.239029797964297,5.239029797964284,4.126045445276124,-21.244092811242254
2025-10-31,5.3578869958967905,5.357886995896776,4.2186064753057195,-21.263616075956094
2025-11-30,5.364850203171633,5.364850203171614,4.224085493374028,-21.263682425339645
2025-12-31,5.3620383005085195,5.362038300508499,4.221870924346668,-21.26369324989197
2026-01-31,5.435299609433528,5.435299609433515,4.2791636643257815,-21.270877931018784
2026-02-28,5.388184558649942,5.388184558649927,4.241908694726131,-21.273879011505514
2026-03-31,5.113749819642567,5.113749819642555,4.020160556594646,-21.385271114502025
2026-04-30,5.646773277630735,5.64677327763072,4.418764805393211,-21.74708301291618
2026-05-31,5.937414703722816,5.937414703722794,4.6405405025852176,-21.842405589834346
2026-06-30,5.8742027340896055,5.874202734089583,4.590870674153107,-21.846914688336703
