forecast_month,market,actual,MA(12),OLS,Ridge,LASSO,Elastic Net,actual_nonlinear,Gradient boosting,market_total_return_log,risk_free_return_log,market_total_return,risk_free_return,market_excess_return_simple,volatility_12,Buy and hold weight,Buy and hold portfolio excess return,Buy and hold portfolio return,LASSO weight,LASSO portfolio excess return,LASSO portfolio return,Gradient boosting weight,Gradient boosting portfolio excess return,Gradient boosting portfolio return
2021-07-31,U.S.,0.0240776273598198,0.0285046461022938,-0.0143319833609608,-0.0082744243367538,-0.0157374091085491,-0.0153832337330339,0.0240776273598198,0.0156702751486346,0.0241192836132908,4.165625347092066e-05,0.02441250622818663,4.165712110469469e-05,0.024370849107081934,0.140657205464052,1.0,0.024370849107081934,0.02441250622818663,0.0,0.0,4.165712110469469e-05,1.0,0.024370849107081934,0.02441250622818663
2021-08-31,U.S.,0.0292757233613452,0.0257535802917751,-0.0151245941014642,-0.0096535655112733,-0.0174797863843685,-0.0168889522385644,0.0292757233613452,-0.0083132100559782,0.0293257083673426,4.998500599730129e-05,0.02975994128876658,4.998625526852842e-05,0.029709955033498055,0.137151021639172,1.0,0.029709955033498055,0.02975994128876658,0.0,0.0,4.998625526852842e-05,0.0,0.0,4.998625526852842e-05
2021-09-30,U.S.,-0.0477598870237668,0.0225771117662387,-0.0158399901283675,-0.0099286864570178,-0.0178547689453399,-0.0173486452482016,-0.0477598870237668,0.0078062021561526,-0.0477265603553229,3.3326668443911285e-05,-0.04660555272263494,3.332722378349526e-05,-0.04663887994641844,0.1296076461845419,1.0,-0.04663887994641844,-0.04660555272263494,0.0,0.0,3.332722378349526e-05,1.0,-0.04663887994641844,-0.04660555272263494
2021-10-31,U.S.,0.0677782274517065,0.0217849383200689,-0.0168973025645273,-0.0100718355199643,-0.0181903810465547,-0.0178638345658459,0.0677782274517065,0.0156702751486346,0.0678115541201505,3.3326668443911285e-05,0.07016362155058987,3.332722378349526e-05,0.07013029432680638,0.1347522439252366,1.0,0.07013029432680638,0.07016362155058987,0.0,0.0,3.332722378349526e-05,1.0,0.07013029432680638,0.07016362155058987
2021-11-30,U.S.,-0.0081090265658166,0.0295442155430912,-0.021746155645486,-0.0122749103579153,-0.0216290668560822,-0.0216529242439576,-0.0081090265658166,0.0203009232883552,-0.0080673703123457,4.165625347092066e-05,-0.008034916411652517,4.165712110469469e-05,-0.008076573532757212,0.1313743007244781,1.0,-0.008076573532757212,-0.008034916411652517,0.0,0.0,4.165712110469469e-05,1.0,-0.008076573532757212,-0.008034916411652517
2021-12-31,U.S.,0.0451685768300761,0.0202699317563334,-0.029475736269,-0.0173719182350769,-0.0290037464480475,-0.0291146994575442,0.0451685768300761,0.0203009232883552,0.0452102330835471,4.165625347092066e-05,0.04624779268894496,4.165712110469469e-05,0.04620613556784026,0.1084357555081819,1.0,0.04620613556784026,0.04624779268894496,0.0,0.0,4.165712110469469e-05,1.0,0.04620613556784026,0.04624779268894496
2022-01-31,U.S.,-0.0542327628758875,0.0210079929382562,-0.0352808058802203,-0.0213253385618835,-0.0346410472247682,-0.0347928442218154,-0.0542327628758875,0.0203009232883552,-0.0541827778698902,4.998500599730129e-05,-0.0527410472956705,4.998625526852842e-05,-0.05279103355093903,0.1102087284247627,1.0,-0.05279103355093903,-0.0527410472956705,0.0,0.0,4.998625526852842e-05,1.0,-0.05279103355093903,-0.0527410472956705
2022-02-28,U.S.,-0.0301446503273115,0.0173483967962133,-0.0410506669562162,-0.0239306101651025,-0.0387642323930478,-0.0393251510995438,-0.0301446503273115,0.0203009232883552,-0.0299615183653543,0.00018313196195726849,-0.0295171214024816,0.00018314873163868624,-0.029700270134120285,0.130675958400717,1.0,-0.029700270134120285,-0.0295171214024816,0.0,0.0,0.00018314873163868624,1.0,-0.029700270134120285,-0.0295171214024816
2022-03-31,U.S.,0.036609928687249,0.0125550173332761,-0.0456259116154432,-0.0264088494695333,-0.0425519557051412,-0.0433082051732206,0.036609928687249,0.0193442650245768,0.0369010861251037,0.0002911574378546483,0.03759038367671648,0.0002911998282954549,0.03729918384842103,0.1382464304467316,1.0,0.03729918384842103,0.03759038367671648,0.0,0.0,0.0002911998282954549,1.0,0.03729918384842103,0.03759038367671648
2022-04-30,U.S.,-0.0922942709363384,0.0119087284716079,-0.050281424558765,-0.0290273470518378,-0.0463828266624402,-0.0473437264565257,-0.0922942709363384,-0.0367853345170774,-0.0918620603790634,0.0004322105572750051,-0.08776902633846108,0.0004323039737159543,-0.08820133031217703,0.1365581375008519,1.0,-0.08820133031217703,-0.08776902633846108,0.0,0.0,0.0004323039737159543,0.0,0.0,0.0004323039737159543
2022-05-31,U.S.,0.0015492510192678,-7.692395174830936e-05,-0.0614755669478851,-0.0343778664867691,-0.054650061115465,-0.0563380517230955,0.0015492510192678,-0.0302089583871466,0.0022545908869453,0.000705339867677451,0.002257134388138057,0.0007055886783371726,0.0015515457098008844,0.1638033058899825,1.0,0.0015515457098008844,0.002257134388138057,0.0,0.0,0.0007055886783371726,0.0,0.0,0.0007055886783371726
2022-06-30,U.S.,-0.0870205784194606,-0.0004925144847547,-0.0576497851986433,-0.0323648540278726,-0.0512122418779548,-0.0528044998230411,-0.0870205784194606,-0.0367853345170774,-0.0860594754349879,0.0009611029844727525,-0.0824603414730098,0.0009615649919465323,-0.08342190646495634,0.1636731378711614,1.0,-0.08342190646495634,-0.0824603414730098,0.0,0.0,0.0009615649919465323,0.0,0.0,0.0009615649919465323
2022-07-31,U.S.,0.0866696959032213,-0.0095918201199263,-0.060413549957415,-0.03432926294517,-0.0536502401158683,-0.0553234039568186,0.0866696959032213,-0.0397296687851604,0.0880908421170403,0.0014211462138189598,0.09208732504682325,0.0014221565206407054,0.09066516852618255,0.1821758165581646,1.0,0.09066516852618255,0.09208732504682325,0.0,0.0,0.0014221565206407054,0.0,0.0,0.0014221565206407054
2022-08-31,U.S.,-0.0436422011796689,-0.0043758144079762,-0.0590344443530738,-0.0354970997853276,-0.054324275829161,-0.0554866269805652,-0.0436422011796689,-0.0240574416188048,-0.0416576863380644,0.001984514841604573,-0.04080192901566749,0.0019864852944315504,-0.04278841431009904,0.2048225439347208,1.0,-0.04278841431009904,-0.04080192901566749,0.0,0.0,0.0019864852944315504,0.0,0.0,0.0019864852944315504
2022-09-30,U.S.,-0.0994329068961581,-0.0104523081197274,-0.0513448209286127,-0.0319460139186023,-0.0481422754974842,-0.048930846795717,-0.0994329068961581,-0.0124631012595157,-0.0970020421211765,0.002430864774981655,-0.09244584720417395,0.0024338217222529953,-0.09487966892642695,0.2045146431414368,1.0,-0.09487966892642695,-0.09244584720417395,0.0,0.0,0.0024338217222529953,0.0,0.0,0.0024338217222529953
2022-10-31,U.S.,0.0754115203411968,-0.0147583931090934,-0.0538408774895796,-0.0319388096580514,-0.0484786492622347,-0.0498047375277597,0.0754115203411968,-0.0124631012595157,0.0781413173610445,0.002729797019847683,0.08127545086701256,0.0027335263083606088,0.07854192455865194,0.2198113447690658,1.0,0.07854192455865194,0.08127545086701256,0.0,0.0,0.0027335263083606088,0.0,0.0,0.0027335263083606088
2022-11-30,U.S.,0.0506568745132928,-0.0141222853683025,-0.055448150266558,-0.0325395034224515,-0.0490502620553995,-0.0506342849662533,0.0506568745132928,-0.0124631012595157,0.0541013631377076,0.003444488624414766,0.05559159480862047,0.0034504276924162323,0.052141167116204236,0.2242065075682808,1.0,0.052141167116204236,0.05559159480862047,0.0,0.0,0.0034504276924162323,0.0,0.0,0.0034504276924162323
2022-12-31,U.S.,-0.0629198598024489,-0.0092251269450434,-0.046698439840268,-0.0288721866827084,-0.0425181242157303,-0.0435517466878739,-0.0629198598024489,-0.0191987399641583,-0.0593555188154599,0.003564340986989082,-0.0576283212677921,0.0035707008042657083,-0.0611990220720578,0.2341524824973029,1.0,-0.0611990220720578,-0.0576283212677921,0.0,0.0,0.0035707008042657083,0.0,0.0,0.0035707008042657083
2023-01-31,U.S.,0.0573848320899098,-0.0182324966644205,-0.0368854128599073,-0.0241708100347439,-0.0348719410549954,-0.0353677869560325,0.0573848320899098,-0.0131205960598012,0.0609890855894361,0.0036042534995262446,0.06288731333536625,0.0036107566318025297,0.05927655670356372,0.2315627737267782,1.0,0.05927655670356372,0.06288731333536625,0.0,0.0,0.0036107566318025297,0.0,0.0,0.0036107566318025297
2023-02-28,U.S.,-0.0292913839607468,-0.0089310304172707,-0.0290825384753418,-0.0197962870375753,-0.0280714998310415,-0.0283191639144341,-0.0292913839607468,-0.0131205960598012,-0.0254639729700469,0.0038274109906999837,-0.025142500446571524,0.00383474488176588,-0.028977245328337405,0.2397312443479192,1.0,-0.028977245328337405,-0.025142500446571524,0.0,0.0,0.00383474488176588,0.0,0.0,0.00383474488176588
2023-03-31,U.S.,0.032436296179763,-0.0088599248867236,-0.0291842668561026,-0.0196679589316117,-0.027750715875682,-0.0281037109557813,0.032436296179763,-0.0131205960598012,0.0364068506353758,0.003970554455612753,0.03707769638986533,0.003978447550151643,0.033099248839713685,0.2393055395038212,1.0,0.033099248839713685,0.03707769638986533,0.0,0.0,0.003978447550151643,0.0,0.0,0.003978447550151643
2023-04-30,U.S.,0.0119021026871581,-0.0092077275956808,-0.0245493424041727,-0.0171565381535841,-0.0238844557587193,-0.0240468446656943,0.0119021026871581,-0.0131205960598012,0.0158488169671446,0.003946714279986465,0.0159750756015544,0.003954512812942343,0.012020562788612056,0.2392076965959846,1.0,0.012020562788612056,0.0159750756015544,0.0,0.0,0.003954512812942343,0.0,0.0,0.003954512812942343
2023-05-31,U.S.,0.0004602520649661,-0.0005246964603894,-0.0131585232325144,-0.0107219832463029,-0.0140303413040843,-0.0138120817711164,0.0004602520649661,-0.0131205960598012,0.004605426389534,0.004145174324567839,0.004616047664555859,0.004153777442692497,0.00046227022186336175,0.220971286124124,1.0,0.00046227022186336175,0.004616047664555859,0.0,0.0,0.004153777442692497,0.0,0.0,0.004153777442692497
2023-06-30,U.S.,0.0583094846693844,-0.0006154463732479,-0.0135548777705285,-0.0110657371043055,-0.0143034930599381,-0.0141159812212813,0.0583094846693844,-0.0131205960598012,0.0627870115377984,0.004477526868413983,0.06480002495788326,0.004487565969698846,0.06031245898818441,0.2209845265051504,1.0,0.06031245898818441,0.06480002495788326,0.0,0.0,0.004487565969698846,0.0,0.0,0.004487565969698846
2023-07-31,U.S.,0.0278023734375652,0.0114953922174891,-0.0077302539517274,-0.0067292186802861,-0.0081707314606408,-0.008060930622187,0.0278023734375652,-0.0131205960598012,0.0322087934042958,0.004406419966730577,0.032733110657750586,0.004416142510483775,0.02831696814726681,0.2055866954280204,1.0,0.02831696814726681,0.032733110657750586,0.0,0.0,0.004416142510483775,0.0,0.0,0.004416142510483775
2023-08-31,U.S.,-0.0208866002382451,0.0065897820120177,-0.0001016771363446,-0.0012098571443095,-0.0002609621353198,-0.0002225047598598,-0.0208866002382451,0.0033656711978855,-0.0163853845460586,0.004501215692186521,-0.016251874332696516,0.004511361380472341,-0.020763235713168855,0.1909231341764917,1.0,-0.020763235713168855,-0.016251874332696516,0.0,0.0,0.004511361380472341,0.2215979904838052,-0.004601091309979797,-8.972992950745601e-05
2023-09-30,U.S.,-0.0531054823874485,0.0084860820904697,-0.003637433105142,-0.0030305362220106,-0.0028779304872237,-0.0030678065029941,-0.0531054823874485,0.0033656711978855,-0.0485963719168625,0.004509110470585996,-0.04743446568428464,0.004519291806374631,-0.051953757490659266,0.1850258213757498,1.0,-0.051953757490659266,-0.04743446568428464,0.0,0.0,0.004519291806374631,0.23594905717400627,-0.01225844009656802,-0.00773914829019339
2023-10-31,U.S.,-0.0264491259801514,0.0123467007995289,-0.0087456569868501,-0.0057736663554318,-0.0070962289504459,-0.007506834785001,-0.0264491259801514,0.0049712870476224,-0.0219479102879649,0.004501215692186521,-0.021708807369473695,0.004511361380472341,-0.026220168749946038,0.1582413883660685,1.0,-0.026220168749946038,-0.021708807369473695,0.0,0.0,0.004511361380472341,0.4764747742051391,-0.012493248984751184,-0.007981887604278842
2023-11-30,U.S.,0.0828771161540062,0.0038583136060832,-0.0125366118405048,-0.0067483913188493,-0.0089851357435071,-0.0098687708003325,0.0828771161540062,0.0049712870476224,0.0874099064732005,0.004532790319194303,0.09134393698945005,0.004543078952765631,0.08680085803668441,0.1467917294842859,1.0,0.08680085803668441,0.09134393698945005,0.0,0.0,0.004543078952765631,0.5537030395533664,0.04806189893075242,0.05260497788351805
2023-12-31,U.S.,0.0402215659545922,0.0065433337428093,-0.005439824019687,-0.0032465571570433,-0.0035652131965327,-0.0040324332906887,0.0402215659545922,0.0033656711978855,0.0446437926993166,0.004422226744724353,0.04565532350233215,0.004432019218941275,0.041223304283390876,0.1612837861138573,1.0,0.041223304283390876,0.04565532350233215,0.0,0.0,0.004432019218941275,0.3105285305390129,0.012801012103083967,0.017233031322025243
2024-01-31,U.S.,0.0114182543355498,0.0151384525558961,-0.0003278631048353,-0.0015023725128667,-0.0004898007239236,-0.0004507449803771,0.0114182543355498,0.0033656711978855,0.0158009585121474,0.004382704176597549,0.015926453767612654,0.004392322270500794,0.01153413149711186,0.1446726283877482,1.0,0.01153413149711186,0.015926453767612654,0.0,0.0,0.004392322270500794,0.38593146184198557,0.004451384229758069,0.008843706500258864
2024-02-29,U.S.,0.046472115194051,0.0113079044096994,-0.0019334100811282,-0.0024922847572337,-0.0019685972931845,-0.0019608220692915,0.046472115194051,0.0033656711978855,0.0508706306472985,0.004398515453247455,0.052186763757351075,0.004408203120921182,0.04777856063642989,0.1373657833176678,1.0,0.04777856063642989,0.052186763757351075,0.0,0.0,0.004408203120921182,0.42808084368099836,0.020453086547106647,0.02486128966802783
2024-03-31,U.S.,0.0277564051381416,0.0176215293392659,-0.001780065553043,-0.0017763966501914,-0.0010996274135035,-0.0012701044901055,0.0277564051381416,0.0033656711978855,0.032178631882866,0.004422226744724353,0.03270196232564513,0.004432019218941275,0.028269943106703853,0.1336247047193219,1.0,0.028269943106703853,0.03270196232564513,0.0,0.0,0.004432019218941275,0.45238626516025465,0.012788933978334643,0.01722095319727592
2024-04-30,U.S.,-0.0455849408115854,0.0172315384191308,-0.0017839716481832,-0.0019018362265037,-0.0012802624073124,-0.001406703217765,-0.0455849408115854,0.0033656711978855,-0.0411548118020661,0.004430129009519363,-0.04031945142811181,0.004439956538087088,-0.0447594079661989,0.1331925908987507,1.0,-0.0447594079661989,-0.04031945142811181,0.0,0.0,0.004439956538087088,0.45532636048639175,-0.020380138326774953,-0.015940181788687866
2024-05-31,U.S.,0.0449118177318459,0.0124409514609021,-0.0077594788308471,-0.0046546713018523,-0.0056502850883952,-0.0061755305689259,0.0449118177318459,0.0037540223495608,0.0493419467413653,0.004430129009519363,0.050579531573537166,0.004439956538087088,0.046139575035450076,0.1473339345241204,1.0,0.046139575035450076,0.050579531573537166,0.0,0.0,0.004439956538087088,0.4150520106451708,0.01915032338877728,0.02359027992686437
2024-06-30,U.S.,0.0302418859376357,0.0161452485998088,-0.0061534550020389,-0.0037967200118565,-0.0043405816640139,-0.0047923060652736,0.0302418859376357,0.0033656711978855,0.0346720149471551,0.004430129009519363,0.03528009671159417,0.004439956538087088,0.030840140173507082,0.1500389751154725,1.0,0.030840140173507082,0.03528009671159417,0.0,0.0,0.004439956538087088,0.3588184370157196,0.011066010894403514,0.015505967432490601
2024-07-31,U.S.,0.0075904562625336,0.0138062820388297,-0.0034552245121756,-0.0026559016876176,-0.0024843320041951,-0.0027268332742135,0.0075904562625336,0.0033656711978855,0.0120363875539499,0.004445931291416214,0.012109116371117418,0.004455829106839836,0.0076532872642775815,0.1439239402935122,1.0,0.0076532872642775815,0.012109116371117418,0.0,0.0,0.004455829106839836,0.3899571135121684,0.0029844538104571256,0.007440282917296962
2024-08-31,U.S.,0.0187063285416673,0.0121219556075771,-3.620880393289186e-05,-0.0007188367532829,0.0003942468012611,0.0002857764300517,0.0187063285416673,0.003898055403219,0.0230969387315846,0.004390610189917206,0.02336573851566755,0.004400263040968702,0.01896547547469885,0.1432020237744111,1.0,0.01896547547469885,0.02336573851566755,0.04614037383070365,0.0008750741282796473,0.0052753371692483494,0.4562059424248912,0.00865216261247115,0.013052425653439852
2024-09-30,U.S.,0.0165545433717273,0.0154213663392365,0.0041761683847884,0.0006251891908632,0.0027737649340246,0.0031210341439698,0.0165545433717273,0.003898055403219,0.0207868906077361,0.004232347236008755,0.021004442814803237,0.004241316266458201,0.016763126548345036,0.1386599280672786,1.0,0.016763126548345036,0.021004442814803237,0.34624136727629573,0.005804087855924556,0.010045404122382758,0.4865834216784171,0.008156659473922042,0.012397975740380244
2024-10-31,U.S.,-0.0128148782877296,0.0212263684858345,0.0072779876423935,0.0026415262691195,0.0055524752113237,0.0059797904087861,-0.0128148782877296,-0.0089247482056172,-0.0089635929713161,0.0038512853164135823,-0.008923539734813473,0.003858711045514676,-0.01278225078032815,0.1169494257119878,1.0,-0.01278225078032815,-0.008923539734813473,0.974320147072169,-0.012454004460202669,-0.008595293414687993,0.0,0.0,0.003858711045514676
2024-11-30,U.S.,0.054143381489404,0.0223625557935363,0.0031811276042769,0.0021002670045925,0.0038723010490422,0.0036986261574577,0.054143381489404,0.0123721964190448,0.0579230232994705,0.003779641810066433,0.05963342548595977,0.003786793663815703,0.05584663182214407,0.1117921824619848,1.0,0.05584663182214407,0.05963342548595977,0.7436309999934931,0.04152928666816943,0.04531608033198513,1.0,0.05584663182214407,0.05963342548595977
2024-12-31,U.S.,-0.0280860863547863,0.0199680779048194,-0.0017077732553057,0.000288062750343,0.0006453096160456,5.869700645541858e-05,-0.0280860863547863,-0.0126495359392251,-0.0243542411237953,0.0037318452309910988,-0.02406006954082104,0.0037388172355212823,-0.027798886776342322,0.0972774865184283,1.0,-0.027798886776342322,-0.02406006954082104,0.16366457880655613,-0.004549693095541209,-0.0008108758600199272,0.0,0.0,0.0037388172355212823
2025-01-31,U.S.,0.0229378059033354,0.0142757735457045,-0.0038580328504961,-0.0006664801739781,-0.0010363746977,-0.0017392134116897,0.0229378059033354,-0.0070645493494969,0.0265021468903245,0.003564340986989082,0.026856451807496746,0.0035707008042657083,0.023285751003231037,0.1056241136473809,1.0,0.023285751003231037,0.026856451807496746,0.0,0.0,0.0035707008042657083,0.0,0.0,0.0035707008042657083
2025-02-28,U.S.,-0.0162925270416609,0.0152357361763533,-0.0085438964417604,-0.0024800499824619,-0.0041677053912348,-0.0052568131218687,-0.0162925270416609,0.0045555502035044,-0.0127761063166786,0.003516420724982363,-0.01269483833466308,0.0035226105855980434,-0.016217448920261123,0.1058654555047368,1.0,-0.016217448920261123,-0.01269483833466308,0.0,0.0,0.0035226105855980434,0.9755365325697899,-0.01582071388679922,-0.012298103301201176
2025-03-31,U.S.,-0.0608562262504555,0.0100053493233773,-0.0081025823787041,-0.0027795748577068,-0.0044025184828108,-0.0053233354414141,-0.0608562262504555,-0.002180088501138,-0.0573318169012679,0.003524409349187621,-0.055719310915217556,0.003530627382637038,-0.05924993829785459,0.1043541419818121,1.0,-0.05924993829785459,-0.055719310915217556,0.0,0.0,0.003530627382637038,0.0,0.0,0.003530627382637038
2025-04-30,U.S.,-0.0122323811114957,0.0026209633743276,-0.0042791309043064,-0.0009937371124167,-0.00161460717328,-0.0022781649163636,-0.0122323811114957,-0.002180088501138,-0.0087079717623081,0.003524409349187621,-0.008670167189502597,0.003530627382637038,-0.012200794572139635,0.1239866269075641,1.0,-0.012200794572139635,-0.008670167189502597,0.0,0.0,0.003530627382637038,0.0,0.0,0.003530627382637038
2025-05-31,U.S.,0.0574329028726835,0.0054003433493351,-0.000762554160577,0.0013381593161064,0.0017721179178696,0.0011403010388456,0.0574329028726835,0.0062940525146877,0.0609493235976659,0.003516420724982363,0.06284505165897054,0.0035226105855980434,0.0593224410733725,0.1141987529749381,1.0,0.0593224410733725,0.06284505165897054,0.32612277971489373,0.019346399382321224,0.022869009967919268,1.0,0.0593224410733725,0.06284505165897054
2025-06-30,U.S.,0.0465530564296024,0.0064437671110715,-0.0017013706624289,0.0012478047151578,0.0014772472950591,0.0006852260535632,0.0465530564296024,0.0062940525146877,0.0501094126196388,0.0035563561900363596,0.05138612499330551,0.0035626875279843196,0.047823437465321195,0.1191168997008582,1.0,0.047823437465321195,0.05138612499330551,0.24987205148677794,0.011949740428609442,0.015512427956593761,1.0,0.047823437465321195,0.05138612499330551
2025-07-31,U.S.,0.0191741509912404,0.0078030313187354,-0.0014516629080914,0.0012019173117964,0.0014575148836675,0.000732562869616,0.0191741509912404,0.0062940525146877,0.0227704235174011,0.0035962725261606335,0.02303164857805999,0.0036027468730472885,0.019428901705012703,0.1234802956001297,1.0,0.019428901705012703,0.02303164857805999,0.22941875525074848,0.0044573544450531586,0.008060101318100447,0.9907093982938059,0.019248395517682634,0.022851142390729922
2025-08-31,U.S.,0.0167155212414184,0.0087683392127943,-0.0046432178683365,-0.0007620406778215,-0.0014054726040268,-0.0022117316755677,0.0167155212414184,-0.0070645493494969,0.0203117937675791,0.0035962725261606335,0.020519482041023267,0.0036027468730472885,0.01691673516797598,0.1239866348331104,1.0,0.01691673516797598,0.020519482041023267,0.0,0.0,0.0036027468730472885,0.0,0.0,0.0036027468730472885
2025-09-30,U.S.,0.0315481206199244,0.0086024386044402,-0.0033439314199936,-0.000493379407885,-0.0008691940537586,-0.0014856352384912,0.0315481206199244,-0.0070645493494969,0.0350006047668527,0.0034524841469282964,0.03562033510828453,0.003458450834976625,0.032161884273307906,0.1237580328233018,1.0,0.032161884273307906,0.03562033510828453,0.0,0.0,0.003458450834976625,0.0,0.0,0.003458450834976625
2025-10-31,U.S.,0.0202733018092887,0.0098519033751233,-0.0041663050891017,-0.0013094041124156,-0.0020565208233203,-0.0025818807088104,0.0202733018092887,-0.002180088501138,0.0235577186723583,0.0032844168630695864,0.02383739357630101,0.0032898164700365076,0.0205475771062645,0.1256274551557974,1.0,0.0205475771062645,0.02383739357630101,0.0,0.0,0.0032898164700365076,0.0,0.0,0.0032898164700365076
2025-11-30,U.S.,-0.0012320989698338,0.0126092517165415,-0.0047748218564248,-0.0016530487255176,-0.0027029038964927,-0.0032186451194065,-0.0012320989698338,-0.002180088501138,0.0019481061213619,0.0031802050911957434,0.0019500049129075583,0.0031852673082804974,-0.001235262395372939,0.1234881710283327,1.0,-0.001235262395372939,0.0019500049129075583,0.0,0.0,0.0031852673082804974,0.0,0.0,0.0031852673082804974
2025-12-31,U.S.,-0.0023749982786074,0.0079946283449384,-0.0062795853793435,-0.0020075189241545,-0.0035872342152277,-0.0042571147085005,-0.0023749982786074,0.0045555502035044,0.0007971851219306,0.003172183400538027,0.0007975029584424822,0.0031772200986699283,-0.002379717140227446,0.1152496088472703,1.0,-0.002379717140227446,0.0007975029584424822,0.0,0.0,0.0031772200986699283,0.8231389615575343,-0.001958837895607485,0.0012183822030624432
2026-01-31,U.S.,0.0116267232667573,0.0101372190179533,-0.0046245431162388,-0.0004013225853334,-0.0015552610737652,-0.0023191946513944,0.0116267232667573,-0.0003289106448544,0.0146302725456681,0.003003549278910779,0.014737818820090565,0.003008064452429898,0.011729754367660666,0.1093052114356534,1.0,0.011729754367660666,0.014737818820090565,0.0,0.0,0.003008064452429898,0.0,0.0,0.003008064452429898
2026-02-28,U.S.,-0.0116831545559603,0.0091946287982384,-0.0056937870329456,-0.0005886177565513,-0.0020349880057858,-0.0029455181132362,-0.0116831545559603,-0.0072958502614764,-0.0086796052770496,0.003003549278910779,-0.00864204624756961,0.003008064452429898,-0.011650110699999508,0.1084169101754261,1.0,-0.011650110699999508,-0.00864204624756961,0.0,0.0,0.003008064452429898,0.0,0.0,0.003008064452429898
2026-03-31,U.S.,-0.0536439690917108,0.0095787431720468,-0.0029406023267641,0.0009811464689394,0.0003416621452854,-0.0004755776669841,-0.0536439690917108,0.0130296912193302,-0.0506404198128001,0.003003549278910779,-0.049379566643443236,0.003008064452429898,-0.05238763109587313,0.1074437375880761,1.0,-0.05238763109587313,-0.049379566643443236,0.07103066656691792,-0.0037211283566016655,-0.0007130639041717673,1.0,-0.05238763109587313,-0.049379566643443236
2026-04-30,U.S.,0.096865353484119,0.0101797646019422,-0.0041791129918443,0.0005375145873239,-0.0004368826085974,-0.0013684467575619,0.096865353484119,0.0130296912193302,0.0998930142547349,0.003027660770615857,0.1050526868659718,0.0030322487646148194,0.10202043810135698,0.102776031043497,1.0,0.10202043810135698,0.1050526868659718,0.0,0.0,0.0030322487646148194,1.0,0.10202043810135698,0.1050526868659718
2026-05-31,U.S.,0.0482761725398727,0.0192712424849101,-0.0122940547067434,-0.0045227658819524,-0.0078667196033928,-0.0089675330332092,0.0482761725398727,0.004023165998171,0.0512877597578622,0.003011587217989433,0.052625753037502845,0.003016126602548858,0.049609626434953986,0.1307441624657777,1.0,0.049609626434953986,0.052625753037502845,0.0,0.0,0.003016126602548858,0.5648518807932376,0.028022090797233674,0.031038217399782533
2026-06-30,U.S.,-0.0133655255709166,0.0185081816238425,-0.0180884597162244,-0.0077354105730791,-0.0127361701607061,-0.0140663381454628,-0.0133655255709166,0.0056287818479079,-0.0103459011890754,0.003019624381841285,-0.010292566443838788,0.003024188039899916,-0.013316754483738704,0.1279766257112129,1.0,-0.013316754483738704,-0.010292566443838788,0.0,0.0,0.003024188039899916,0.8248298105307706,-0.010984056077706986,-0.00795986803780707
