characteristic,delta_r2
beta_mkt60d,0.0006745546436769721
dolvol_trend,0.0005619350817310881
rv_ratio_20_60,0.0005598763397319529
natr20d,0.0005373355082196907
close_vs_sma60d,0.0003169562326473754
hl_spread20d,0.0003055508202188332
mom20d,0.00029267367506307664
ivol_mkt60d,0.0002808704522692336
mom10d,0.00027000556014421685
illiq20d,0.0002696036001559598
rv60d,0.00026561143055418753
high52w_gap,0.00023722676512263273
downside_rv20d,0.0002340151450565171
illiq60d,0.000218249934669102
bop_mean20d,0.0002136268529525927
adx20d,0.0002017531046663829
minret20d,0.00019994734358956822
rsi20d,0.00017729090474307848
close_vs_sma20d,0.00017505107249230482
efficiency_ratio20d,0.00016746053597529358
mom5d,0.00016633116609828072
skew60d,0.00016275601291138326
donchian_pos20d,0.00015929881088694292
log_dolvol20d,0.00014439613492293858
clv_mean20d,0.00013776594877231644
rv20d,0.0001308757306237988
abn_dolvol20d,0.0001188177421843791
maxret20d,0.00011132733360898584
mom60d,0.00010433444072644862
mom120d,9.81994804002685e-05
