forecast_month,market_total_return,risk_free_return,market_excess_return,forecast,weight,timing_excess_return,timing_total_return,market,local_market_proxy
2021-07-31,0.02441251,0.00004166,0.02437085,0.01767184,1.00000000,0.02437085,0.02441251,U.S.: S&P 500 (adjusted SPY),S&P 500 (adjusted SPY)
2021-08-31,0.02975994,0.00004999,0.02970996,0.01561715,1.00000000,0.02970996,0.02975994,U.S.: S&P 500 (adjusted SPY),S&P 500 (adjusted SPY)
2021-09-30,-0.04660555,0.00003333,-0.04663888,0.01280878,1.00000000,-0.04663888,-0.04660555,U.S.: S&P 500 (adjusted SPY),S&P 500 (adjusted SPY)
2021-10-31,0.07016362,0.00003333,0.07013029,0.01380564,1.00000000,0.07013029,0.07016362,U.S.: S&P 500 (adjusted SPY),S&P 500 (adjusted SPY)
2021-11-30,-0.00803492,0.00004166,-0.00807657,0.01726951,1.00000000,-0.00807657,-0.00803492,U.S.: S&P 500 (adjusted SPY),S&P 500 (adjusted SPY)
2021-12-31,0.04624779,0.00004166,0.04620614,0.00910882,1.00000000,0.04620614,0.04624779,U.S.: S&P 500 (adjusted SPY),S&P 500 (adjusted SPY)
2022-01-31,-0.05274105,0.00004999,-0.05279103,0.00951575,1.00000000,-0.05279103,-0.05274105,U.S.: S&P 500 (adjusted SPY),S&P 500 (adjusted SPY)
2022-02-28,-0.02951712,0.00018315,-0.02970027,0.01116293,1.00000000,-0.02970027,-0.02951712,U.S.: S&P 500 (adjusted SPY),S&P 500 (adjusted SPY)
2022-03-31,0.03759038,0.00029120,0.03729918,0.01017494,1.00000000,0.03729918,0.03759038,U.S.: S&P 500 (adjusted SPY),S&P 500 (adjusted SPY)
2022-04-30,-0.08776903,0.00043230,-0.08820133,0.00934843,1.00000000,-0.08820133,-0.08776903,U.S.: S&P 500 (adjusted SPY),S&P 500 (adjusted SPY)
2022-05-31,0.00225713,0.00070559,0.00155155,0.00863920,1.00000000,0.00155155,0.00225713,U.S.: S&P 500 (adjusted SPY),S&P 500 (adjusted SPY)
2022-06-30,-0.08246034,0.00096156,-0.08342191,0.00840525,1.00000000,-0.08342191,-0.08246034,U.S.: S&P 500 (adjusted SPY),S&P 500 (adjusted SPY)
2022-07-31,0.09208733,0.00142216,0.09066517,0.00806212,0.00000000,-0.00142216,0.00000000,U.S.: S&P 500 (adjusted SPY),S&P 500 (adjusted SPY)
2022-08-31,-0.04080193,0.00198649,-0.04278841,0.01247693,1.00000000,-0.04278841,-0.04080193,U.S.: S&P 500 (adjusted SPY),S&P 500 (adjusted SPY)
2022-09-30,-0.09244585,0.00243382,-0.09487967,0.01041099,1.00000000,-0.09487967,-0.09244585,U.S.: S&P 500 (adjusted SPY),S&P 500 (adjusted SPY)
2022-10-31,0.08127545,0.00273353,0.07854192,0.01173601,1.00000000,0.07854192,0.08127545,U.S.: S&P 500 (adjusted SPY),S&P 500 (adjusted SPY)
2022-11-30,0.05559159,0.00345043,0.05214117,0.01176954,1.00000000,0.05214117,0.05559159,U.S.: S&P 500 (adjusted SPY),S&P 500 (adjusted SPY)
2022-12-31,-0.05762832,0.00357070,-0.06119902,0.01446132,1.00000000,-0.06119902,-0.05762832,U.S.: S&P 500 (adjusted SPY),S&P 500 (adjusted SPY)
2023-01-31,0.06288731,0.00361076,0.05927656,0.01141087,1.00000000,0.05927656,0.06288731,U.S.: S&P 500 (adjusted SPY),S&P 500 (adjusted SPY)
2023-02-28,-0.02514250,0.00383474,-0.02897725,0.01534305,1.00000000,-0.02897725,-0.02514250,U.S.: S&P 500 (adjusted SPY),S&P 500 (adjusted SPY)
2023-03-31,0.03707770,0.00397845,0.03309925,0.01566167,1.00000000,0.03309925,0.03707770,U.S.: S&P 500 (adjusted SPY),S&P 500 (adjusted SPY)
2023-04-30,0.01597508,0.00395451,0.01202056,0.01526559,1.00000000,0.01202056,0.01597508,U.S.: S&P 500 (adjusted SPY),S&P 500 (adjusted SPY)
2023-05-31,0.00461605,0.00415378,0.00046227,0.01632475,1.00000000,0.00046227,0.00461605,U.S.: S&P 500 (adjusted SPY),S&P 500 (adjusted SPY)
2023-06-30,0.06480002,0.00448757,0.06031246,0.01639190,1.00000000,0.06031246,0.06480002,U.S.: S&P 500 (adjusted SPY),S&P 500 (adjusted SPY)
2023-07-31,0.03273311,0.00441614,0.02831697,0.01947991,1.00000000,0.02831697,0.03273311,U.S.: S&P 500 (adjusted SPY),S&P 500 (adjusted SPY)
2023-08-31,-0.01625187,0.00451136,-0.02076324,0.01508070,1.00000000,-0.02076324,-0.01625187,U.S.: S&P 500 (adjusted SPY),S&P 500 (adjusted SPY)
2023-09-30,-0.04743447,0.00451929,-0.05195376,0.01562719,1.00000000,-0.05195376,-0.04743447,U.S.: S&P 500 (adjusted SPY),S&P 500 (adjusted SPY)
2023-10-31,-0.02170881,0.00451136,-0.02622017,0.01445524,1.00000000,-0.02622017,-0.02170881,U.S.: S&P 500 (adjusted SPY),S&P 500 (adjusted SPY)
2023-11-30,0.09134394,0.00454308,0.08680086,0.00911311,1.00000000,0.08680086,0.09134394,U.S.: S&P 500 (adjusted SPY),S&P 500 (adjusted SPY)
2023-12-31,0.04565532,0.00443202,0.04122330,0.01168321,1.00000000,0.04122330,0.04565532,U.S.: S&P 500 (adjusted SPY),S&P 500 (adjusted SPY)
2024-01-31,0.01592645,0.00439232,0.01153413,0.01344476,1.00000000,0.01153413,0.01592645,U.S.: S&P 500 (adjusted SPY),S&P 500 (adjusted SPY)
2024-02-29,0.05218676,0.00440820,0.04777856,0.01049049,1.00000000,0.04777856,0.05218676,U.S.: S&P 500 (adjusted SPY),S&P 500 (adjusted SPY)
2024-03-31,0.03270196,0.00443202,0.02826994,0.01298977,1.00000000,0.02826994,0.03270196,U.S.: S&P 500 (adjusted SPY),S&P 500 (adjusted SPY)
2024-04-30,-0.04031945,0.00443996,-0.04475941,0.01264900,1.00000000,-0.04475941,-0.04031945,U.S.: S&P 500 (adjusted SPY),S&P 500 (adjusted SPY)
2024-05-31,0.05057953,0.00443996,0.04613958,0.01272432,1.00000000,0.04613958,0.05057953,U.S.: S&P 500 (adjusted SPY),S&P 500 (adjusted SPY)
2024-06-30,0.03528010,0.00443996,0.03084014,0.01469827,1.00000000,0.03084014,0.03528010,U.S.: S&P 500 (adjusted SPY),S&P 500 (adjusted SPY)
2024-07-31,0.01210912,0.00445583,0.00765329,0.01244412,1.00000000,0.00765329,0.01210912,U.S.: S&P 500 (adjusted SPY),S&P 500 (adjusted SPY)
2024-08-31,0.02336574,0.00440026,0.01896548,0.01162945,1.00000000,0.01896548,0.02336574,U.S.: S&P 500 (adjusted SPY),S&P 500 (adjusted SPY)
2024-09-30,0.02100444,0.00424132,0.01676313,0.01278475,1.00000000,0.01676313,0.02100444,U.S.: S&P 500 (adjusted SPY),S&P 500 (adjusted SPY)
2024-10-31,-0.00892354,0.00385871,-0.01278225,0.01296364,1.00000000,-0.01278225,-0.00892354,U.S.: S&P 500 (adjusted SPY),S&P 500 (adjusted SPY)
2024-11-30,0.05963343,0.00378679,0.05584663,0.01316010,1.00000000,0.05584663,0.05963343,U.S.: S&P 500 (adjusted SPY),S&P 500 (adjusted SPY)
2024-12-31,-0.02406007,0.00373882,-0.02779889,0.00934291,1.00000000,-0.02779889,-0.02406007,U.S.: S&P 500 (adjusted SPY),S&P 500 (adjusted SPY)
2025-01-31,0.02685645,0.00357070,0.02328575,0.00782378,0.00000000,-0.00357070,0.00000000,U.S.: S&P 500 (adjusted SPY),S&P 500 (adjusted SPY)
2025-02-28,-0.01269484,0.00352261,-0.01621745,0.00820580,1.00000000,-0.01621745,-0.01269484,U.S.: S&P 500 (adjusted SPY),S&P 500 (adjusted SPY)
2025-03-31,-0.05571931,0.00353063,-0.05924994,0.00558718,0.00000000,-0.00353063,-0.00000000,U.S.: S&P 500 (adjusted SPY),S&P 500 (adjusted SPY)
2025-04-30,-0.00867017,0.00353063,-0.01220079,0.00544131,0.00000000,-0.00353063,-0.00000000,U.S.: S&P 500 (adjusted SPY),S&P 500 (adjusted SPY)
2025-05-31,0.06284505,0.00352261,0.05932244,0.00542873,0.00000000,-0.00352261,0.00000000,U.S.: S&P 500 (adjusted SPY),S&P 500 (adjusted SPY)
2025-06-30,0.05138612,0.00356269,0.04782344,0.00604580,0.00000000,-0.00356269,0.00000000,U.S.: S&P 500 (adjusted SPY),S&P 500 (adjusted SPY)
2025-07-31,0.02303165,0.00360275,0.01942890,0.00686256,0.00000000,-0.00360275,0.00000000,U.S.: S&P 500 (adjusted SPY),S&P 500 (adjusted SPY)
2025-08-31,0.02051948,0.00360275,0.01691674,0.00724073,0.00000000,-0.00360275,0.00000000,U.S.: S&P 500 (adjusted SPY),S&P 500 (adjusted SPY)
2025-09-30,0.03562034,0.00345845,0.03216188,0.00702531,0.00000000,-0.00345845,0.00000000,U.S.: S&P 500 (adjusted SPY),S&P 500 (adjusted SPY)
2025-10-31,0.02383739,0.00328982,0.02054758,0.00761476,0.00000000,-0.00328982,0.00000000,U.S.: S&P 500 (adjusted SPY),S&P 500 (adjusted SPY)
2025-11-30,0.00195000,0.00318527,-0.00123526,0.00859743,1.00000000,-0.00123526,0.00195000,U.S.: S&P 500 (adjusted SPY),S&P 500 (adjusted SPY)
2025-12-31,0.00079750,0.00317722,-0.00237972,0.00526294,0.00000000,-0.00317722,0.00000000,U.S.: S&P 500 (adjusted SPY),S&P 500 (adjusted SPY)
2026-01-31,0.01473782,0.00300806,0.01172975,0.00560927,0.00000000,-0.00300806,0.00000000,U.S.: S&P 500 (adjusted SPY),S&P 500 (adjusted SPY)
2026-02-28,-0.00864205,0.00300806,-0.01165011,0.00507427,0.00000000,-0.00300806,-0.00000000,U.S.: S&P 500 (adjusted SPY),S&P 500 (adjusted SPY)
2026-03-31,-0.04937957,0.00300806,-0.05238763,0.00542009,0.00000000,-0.00300806,-0.00000000,U.S.: S&P 500 (adjusted SPY),S&P 500 (adjusted SPY)
2026-04-30,0.10505269,0.00303225,0.10202044,0.00565805,0.00000000,-0.00303225,0.00000000,U.S.: S&P 500 (adjusted SPY),S&P 500 (adjusted SPY)
2026-05-31,0.05262575,0.00301613,0.04960963,0.01344148,1.00000000,0.04960963,0.05262575,U.S.: S&P 500 (adjusted SPY),S&P 500 (adjusted SPY)
2026-06-30,-0.01029257,0.00302419,-0.01331675,0.01226230,1.00000000,-0.01331675,-0.01029257,U.S.: S&P 500 (adjusted SPY),S&P 500 (adjusted SPY)
2021-07-31,-0.09944932,0.00004166,-0.09949098,0.00196668,1.00000000,-0.09949098,-0.09944932,HKSAR: Hang Seng,Hang Seng Index
2021-08-31,-0.00316009,0.00004999,-0.00321007,-0.00263145,0.00000000,-0.00004999,-0.00000000,HKSAR: Hang Seng,Hang Seng Index
2021-09-30,-0.05036323,0.00003333,-0.05039656,-0.00156447,0.00000000,-0.00003333,-0.00000000,HKSAR: Hang Seng,Hang Seng Index
2021-10-31,0.03261765,0.00003333,0.03258432,-0.00516066,0.00000000,-0.00003333,0.00000000,HKSAR: Hang Seng,Hang Seng Index
2021-11-30,-0.07494828,0.00004166,-0.07498994,-0.00292720,0.00000000,-0.00004166,-0.00000000,HKSAR: Hang Seng,Hang Seng Index
2021-12-31,-0.00330518,0.00004166,-0.00334683,0.00336488,1.00000000,-0.00334683,-0.00330518,HKSAR: Hang Seng,Hang Seng Index
2022-01-31,0.01729189,0.00004999,0.01724190,0.00692711,1.00000000,0.01724190,0.01729189,HKSAR: Hang Seng,Hang Seng Index
2022-02-28,-0.04576205,0.00018315,-0.04594520,0.01076843,1.00000000,-0.04594520,-0.04576205,HKSAR: Hang Seng,Hang Seng Index
2022-03-31,-0.03153125,0.00029120,-0.03182245,0.01288996,1.00000000,-0.03182245,-0.03153125,HKSAR: Hang Seng,Hang Seng Index
2022-04-30,-0.04125404,0.00043230,-0.04168635,0.01314052,1.00000000,-0.04168635,-0.04125404,HKSAR: Hang Seng,Hang Seng Index
2022-05-31,0.01544893,0.00070559,0.01474334,0.01518042,1.00000000,0.01474334,0.01544893,HKSAR: Hang Seng,Hang Seng Index
2022-06-30,0.02076048,0.00096156,0.01979892,0.01743618,1.00000000,0.01979892,0.02076048,HKSAR: Hang Seng,Hang Seng Index
2022-07-31,-0.07791838,0.00142216,-0.07934053,0.01808973,1.00000000,-0.07934053,-0.07791838,HKSAR: Hang Seng,Hang Seng Index
2022-08-31,-0.01002749,0.00198649,-0.01201397,0.01383847,1.00000000,-0.01201397,-0.01002749,HKSAR: Hang Seng,Hang Seng Index
2022-09-30,-0.13689020,0.00243382,-0.13932402,0.01516940,1.00000000,-0.13932402,-0.13689020,HKSAR: Hang Seng,Hang Seng Index
2022-10-31,-0.14723542,0.00273353,-0.14996894,0.00803660,1.00000000,-0.14996894,-0.14723542,HKSAR: Hang Seng,Hang Seng Index
2022-11-30,0.26623584,0.00345043,0.26278541,0.00649669,1.00000000,0.26278541,0.26623584,HKSAR: Hang Seng,Hang Seng Index
2022-12-31,0.06367506,0.00357070,0.06010435,-0.00122896,0.00000000,-0.00357070,0.00000000,HKSAR: Hang Seng,Hang Seng Index
2023-01-31,0.10418468,0.00361076,0.10057393,0.00033542,0.00000000,-0.00361076,0.00000000,HKSAR: Hang Seng,Hang Seng Index
2023-02-28,-0.09414704,0.00383474,-0.09798178,0.00249787,1.00000000,-0.09798178,-0.09414704,HKSAR: Hang Seng,Hang Seng Index
2023-03-31,0.03104073,0.00397845,0.02706228,-0.00271096,0.00000000,-0.00397845,0.00000000,HKSAR: Hang Seng,Hang Seng Index
2023-04-30,-0.02478119,0.00395451,-0.02873571,-0.00344499,0.00000000,-0.00395451,-0.00000000,HKSAR: Hang Seng,Hang Seng Index
2023-05-31,-0.08345497,0.00415378,-0.08760875,-0.00542821,0.00000000,-0.00415378,-0.00000000,HKSAR: Hang Seng,Hang Seng Index
2023-06-30,0.03741088,0.00448757,0.03292332,-0.00624878,0.00000000,-0.00448757,0.00000000,HKSAR: Hang Seng,Hang Seng Index
2023-07-31,0.06145503,0.00441614,0.05703889,-0.00417965,0.00000000,-0.00441614,0.00000000,HKSAR: Hang Seng,Hang Seng Index
2023-08-31,-0.08451039,0.00451136,-0.08902175,-0.00843235,0.00000000,-0.00451136,-0.00000000,HKSAR: Hang Seng,Hang Seng Index
2023-09-30,-0.03113908,0.00451929,-0.03565837,-0.01260121,0.00000000,-0.00451929,-0.00000000,HKSAR: Hang Seng,Hang Seng Index
2023-10-31,-0.03914615,0.00451136,-0.04365751,-0.01891242,0.00000000,-0.00451136,-0.00000000,HKSAR: Hang Seng,Hang Seng Index
2023-11-30,-0.00406718,0.00454308,-0.00861026,-0.02527213,0.00000000,-0.00454308,-0.00000000,HKSAR: Hang Seng,Hang Seng Index
2023-12-31,0.00026461,0.00443202,-0.00416741,-0.00069861,0.00000000,-0.00443202,0.00000000,HKSAR: Hang Seng,Hang Seng Index
2024-01-31,-0.09164572,0.00439232,-0.09603804,0.00453548,1.00000000,-0.09603804,-0.09164572,HKSAR: Hang Seng,Hang Seng Index
2024-02-29,0.06628121,0.00440820,0.06187300,0.01089509,1.00000000,0.06187300,0.06628121,HKSAR: Hang Seng,Hang Seng Index
2024-03-31,0.00181574,0.00443202,-0.00261628,0.00861464,1.00000000,-0.00261628,0.00181574,HKSAR: Hang Seng,Hang Seng Index
2024-04-30,0.07385154,0.00443996,0.06941159,0.01122947,1.00000000,0.06941159,0.07385154,HKSAR: Hang Seng,Hang Seng Index
2024-05-31,0.01782241,0.00443996,0.01338246,0.01048165,1.00000000,0.01338246,0.01782241,HKSAR: Hang Seng,Hang Seng Index
2024-06-30,-0.01996725,0.00443996,-0.02440720,0.00820525,1.00000000,-0.02440720,-0.01996725,HKSAR: Hang Seng,Hang Seng Index
2024-07-31,-0.02110830,0.00445583,-0.02556413,0.01049725,1.00000000,-0.02556413,-0.02110830,HKSAR: Hang Seng,Hang Seng Index
2024-08-31,0.03715685,0.00440026,0.03275659,0.01448874,1.00000000,0.03275659,0.03715685,HKSAR: Hang Seng,Hang Seng Index
2024-09-30,0.17480666,0.00424132,0.17056535,0.01128521,1.00000000,0.17056535,0.17480666,HKSAR: Hang Seng,Hang Seng Index
2024-10-31,-0.03862790,0.00385871,-0.04248661,0.00525369,1.00000000,-0.04248661,-0.03862790,HKSAR: Hang Seng,Hang Seng Index
2024-11-30,-0.04398810,0.00378679,-0.04777489,0.00024419,0.00000000,-0.00378679,-0.00000000,HKSAR: Hang Seng,Hang Seng Index
2024-12-31,0.03276115,0.00373882,0.02902234,-0.00291627,0.00000000,-0.00373882,0.00000000,HKSAR: Hang Seng,Hang Seng Index
2025-01-31,0.00823333,0.00357070,0.00466263,-0.00413495,0.00000000,-0.00357070,0.00000000,HKSAR: Hang Seng,Hang Seng Index
2025-02-28,0.13429895,0.00352261,0.13077634,-0.01010868,0.00000000,-0.00352261,0.00000000,HKSAR: Hang Seng,Hang Seng Index
2025-03-31,0.00777025,0.00353063,0.00423962,-0.00866869,0.00000000,-0.00353063,0.00000000,HKSAR: Hang Seng,Hang Seng Index
2025-04-30,-0.04326073,0.00353063,-0.04679136,-0.01062820,0.00000000,-0.00353063,-0.00000000,HKSAR: Hang Seng,Hang Seng Index
2025-05-31,0.05291097,0.00352261,0.04938836,-0.00744625,0.00000000,-0.00352261,0.00000000,HKSAR: Hang Seng,Hang Seng Index
2025-06-30,0.03359886,0.00356269,0.03003618,-0.00833817,0.00000000,-0.00356269,0.00000000,HKSAR: Hang Seng,Hang Seng Index
2025-07-31,0.02912274,0.00360275,0.02552000,-0.01179655,0.00000000,-0.00360275,0.00000000,HKSAR: Hang Seng,Hang Seng Index
2025-08-31,0.01228293,0.00360275,0.00868018,-0.01446999,0.00000000,-0.00360275,0.00000000,HKSAR: Hang Seng,Hang Seng Index
2025-09-30,0.07089754,0.00345845,0.06743909,-0.01323622,0.00000000,-0.00345845,0.00000000,HKSAR: Hang Seng,Hang Seng Index
2025-10-31,-0.03533384,0.00328982,-0.03862366,0.00081728,0.00000000,-0.00328982,-0.00000000,HKSAR: Hang Seng,Hang Seng Index
2025-11-30,-0.00184353,0.00318527,-0.00502880,-0.00436062,0.00000000,-0.00318527,-0.00000000,HKSAR: Hang Seng,Hang Seng Index
2025-12-31,-0.00883068,0.00317722,-0.01200790,-0.00865309,0.00000000,-0.00317722,-0.00000000,HKSAR: Hang Seng,Hang Seng Index
2026-01-31,0.06853427,0.00300806,0.06552621,-0.00724017,0.00000000,-0.00300806,0.00000000,HKSAR: Hang Seng,Hang Seng Index
2026-02-28,-0.02762505,0.00300806,-0.03063312,-0.00835987,0.00000000,-0.00300806,-0.00000000,HKSAR: Hang Seng,Hang Seng Index
2026-03-31,-0.06918367,0.00300806,-0.07219173,0.00219431,1.00000000,-0.07219173,-0.06918367,HKSAR: Hang Seng,Hang Seng Index
2026-04-30,0.03987345,0.00303225,0.03684120,-0.00023164,0.00000000,-0.00303225,0.00000000,HKSAR: Hang Seng,Hang Seng Index
2026-05-31,-0.02304960,0.00301613,-0.02606573,-0.00285314,0.00000000,-0.00301613,-0.00000000,HKSAR: Hang Seng,Hang Seng Index
2026-06-30,-0.09138811,0.00302419,-0.09441230,0.00052268,0.00000000,-0.00302419,-0.00000000,HKSAR: Hang Seng,Hang Seng Index
2021-07-31,-0.07903270,0.00155587,-0.08058857,0.00175772,1.00000000,-0.08058857,-0.07903270,Chinese mainland: CSI 300,CSI 300 Index
2021-08-31,-0.00115564,0.00145612,-0.00261176,-0.00030699,0.00000000,-0.00145612,-0.00000000,Chinese mainland: CSI 300,CSI 300 Index
2021-09-30,0.01264564,0.00170909,0.01093654,0.00021200,0.00000000,-0.00170909,0.00000000,Chinese mainland: CSI 300,CSI 300 Index
2021-10-31,0.00871079,0.00161573,0.00709506,0.00012922,0.00000000,-0.00161573,0.00000000,Chinese mainland: CSI 300,CSI 300 Index
2021-11-30,-0.01563324,0.00185724,-0.01749049,0.00211667,1.00000000,-0.01749049,-0.01563324,Chinese mainland: CSI 300,CSI 300 Index
2021-12-31,0.02242122,0.00188223,0.02053899,0.00396809,1.00000000,0.02053899,0.02242122,Chinese mainland: CSI 300,CSI 300 Index
2022-01-31,-0.07622911,0.00165207,-0.07788118,0.00816145,1.00000000,-0.07788118,-0.07622911,Chinese mainland: CSI 300,CSI 300 Index
2022-02-28,0.00391781,0.00146776,0.00245005,0.00332291,1.00000000,0.00245005,0.00391781,Chinese mainland: CSI 300,CSI 300 Index
2022-03-31,-0.07836696,0.00156971,-0.07993667,0.00461856,1.00000000,-0.07993667,-0.07836696,Chinese mainland: CSI 300,CSI 300 Index
2022-04-30,-0.04887036,0.00157888,-0.05044925,-0.00079845,0.00000000,-0.00157888,-0.00000000,Chinese mainland: CSI 300,CSI 300 Index
2022-05-31,0.01874390,0.00152678,0.01721712,-0.00155823,0.00000000,-0.00152678,0.00000000,Chinese mainland: CSI 300,CSI 300 Index
2022-06-30,0.09617208,0.00132333,0.09484876,0.00238469,1.00000000,0.09484876,0.09617208,Chinese mainland: CSI 300,CSI 300 Index
2022-07-31,-0.07021389,0.00132415,-0.07153804,0.00836583,1.00000000,-0.07153804,-0.07021389,Chinese mainland: CSI 300,CSI 300 Index
2022-08-31,-0.02188437,0.00124050,-0.02312487,0.00236832,1.00000000,-0.02312487,-0.02188437,Chinese mainland: CSI 300,CSI 300 Index
2022-09-30,-0.06716370,0.00121715,-0.06838086,0.00255544,1.00000000,-0.06838086,-0.06716370,Chinese mainland: CSI 300,CSI 300 Index
2022-10-31,-0.07784456,0.00132579,-0.07917035,-0.00012802,0.00000000,-0.00132579,-0.00000000,Chinese mainland: CSI 300,CSI 300 Index
2022-11-30,0.09813891,0.00134410,0.09679481,-0.00273869,0.00000000,-0.00134410,0.00000000,Chinese mainland: CSI 300,CSI 300 Index
2022-12-31,0.00482476,0.00171792,0.00310684,0.00430994,1.00000000,0.00310684,0.00482476,Chinese mainland: CSI 300,CSI 300 Index
2023-01-31,0.07367181,0.00169404,0.07197777,0.00708253,1.00000000,0.07197777,0.07367181,Chinese mainland: CSI 300,CSI 300 Index
2023-02-28,-0.02102549,0.00147596,-0.02250144,0.01094070,1.00000000,-0.02250144,-0.02102549,Chinese mainland: CSI 300,CSI 300 Index
2023-03-31,-0.00455343,0.00170108,-0.00625451,0.00912066,1.00000000,-0.00625451,-0.00455343,Chinese mainland: CSI 300,CSI 300 Index
2023-04-30,-0.00539135,0.00157020,-0.00696156,0.00710363,1.00000000,-0.00696156,-0.00539135,Chinese mainland: CSI 300,CSI 300 Index
2023-05-31,-0.05722136,0.00161401,-0.05883537,0.00667416,1.00000000,-0.05883537,-0.05722136,Chinese mainland: CSI 300,CSI 300 Index
2023-06-30,0.01155970,0.00141403,0.01014567,0.00337749,1.00000000,0.01014567,0.01155970,Chinese mainland: CSI 300,CSI 300 Index
2023-07-31,0.04480995,0.00136758,0.04344237,0.00813727,1.00000000,0.04344237,0.04480995,Chinese mainland: CSI 300,CSI 300 Index
2023-08-31,-0.06211282,0.00132448,-0.06343730,0.00932632,1.00000000,-0.06343730,-0.06211282,Chinese mainland: CSI 300,CSI 300 Index
2023-09-30,-0.02011808,0.00140649,-0.02152456,0.00271222,1.00000000,-0.02152456,-0.02011808,Chinese mainland: CSI 300,CSI 300 Index
2023-10-31,-0.03171415,0.00165232,-0.03336647,0.00008411,0.00000000,-0.00165232,-0.00000000,Chinese mainland: CSI 300,CSI 300 Index
2023-11-30,-0.02136033,0.00189096,-0.02325129,-0.00322307,0.00000000,-0.00189096,-0.00000000,Chinese mainland: CSI 300,CSI 300 Index
2023-12-31,-0.01861736,0.00196806,-0.02058541,0.00061197,0.00000000,-0.00196806,-0.00000000,Chinese mainland: CSI 300,CSI 300 Index
2024-01-31,-0.06288344,0.00148916,-0.06437260,0.00104630,1.00000000,-0.06437260,-0.06288344,Chinese mainland: CSI 300,CSI 300 Index
2024-02-29,0.09352948,0.00148039,0.09204909,0.00100395,1.00000000,0.09204909,0.09352948,Chinese mainland: CSI 300,CSI 300 Index
2024-03-31,0.00608632,0.00136093,0.00472539,0.00706869,1.00000000,0.00472539,0.00608632,Chinese mainland: CSI 300,CSI 300 Index
2024-04-30,0.01891459,0.00135765,0.01755694,0.00815365,1.00000000,0.01755694,0.01891459,Chinese mainland: CSI 300,CSI 300 Index
2024-05-31,-0.00678894,0.00126960,-0.00805854,0.01013609,1.00000000,-0.00805854,-0.00678894,Chinese mainland: CSI 300,CSI 300 Index
2024-06-30,-0.03303426,0.00127666,-0.03431092,0.00962513,1.00000000,-0.03431092,-0.03303426,Chinese mainland: CSI 300,CSI 300 Index
2024-07-31,-0.00565625,0.00119306,-0.00684930,0.00812247,1.00000000,-0.00684930,-0.00565625,Chinese mainland: CSI 300,CSI 300 Index
2024-08-31,-0.03505148,0.00116188,-0.03621336,0.00988785,1.00000000,-0.03621336,-0.03505148,Chinese mainland: CSI 300,CSI 300 Index
2024-09-30,0.20967475,0.00121756,0.20845719,0.00648195,1.00000000,0.20845719,0.20967475,Chinese mainland: CSI 300,CSI 300 Index
2024-10-31,-0.03156166,0.00115809,-0.03271975,0.01672500,1.00000000,-0.03271975,-0.03156166,Chinese mainland: CSI 300,CSI 300 Index
2024-11-30,0.00656380,0.00116468,0.00539912,0.01132810,1.00000000,0.00539912,0.00656380,Chinese mainland: CSI 300,CSI 300 Index
2024-12-31,0.00468010,0.00113456,0.00354554,0.00898123,1.00000000,0.00354554,0.00468010,Chinese mainland: CSI 300,CSI 300 Index
2025-01-31,-0.02994478,0.00075444,-0.03069922,0.00748443,1.00000000,-0.03069922,-0.02994478,Chinese mainland: CSI 300,CSI 300 Index
2025-02-28,0.01911671,0.00114073,0.01797597,0.00235211,1.00000000,0.01797597,0.01911671,Chinese mainland: CSI 300,CSI 300 Index
2025-03-31,-0.00070436,0.00133154,-0.00203590,0.00643289,1.00000000,-0.00203590,-0.00070436,Chinese mainland: CSI 300,CSI 300 Index
2025-04-30,-0.03003105,0.00125793,-0.03128898,0.00565300,1.00000000,-0.03128898,-0.03003105,Chinese mainland: CSI 300,CSI 300 Index
2025-05-31,0.01847466,0.00121345,0.01726121,0.00289739,1.00000000,0.01726121,0.01847466,Chinese mainland: CSI 300,CSI 300 Index
2025-06-30,0.02495944,0.00119725,0.02376219,0.00295818,1.00000000,0.02376219,0.02495944,Chinese mainland: CSI 300,CSI 300 Index
2025-07-31,0.03544389,0.00109521,0.03434868,0.00214775,1.00000000,0.03434868,0.03544389,Chinese mainland: CSI 300,CSI 300 Index
2025-08-31,0.10333964,0.00109949,0.10224015,0.00443500,1.00000000,0.10224015,0.10333964,Chinese mainland: CSI 300,CSI 300 Index
2025-09-30,0.03200749,0.00111917,0.03088832,0.00891181,1.00000000,0.03088832,0.03200749,Chinese mainland: CSI 300,CSI 300 Index
2025-10-31,-0.00000431,0.00110863,-0.00111294,0.01930357,1.00000000,-0.00111294,-0.00000431,Chinese mainland: CSI 300,CSI 300 Index
2025-11-30,-0.02456757,0.00106746,-0.02563503,0.01635707,1.00000000,-0.02563503,-0.02456757,Chinese mainland: CSI 300,CSI 300 Index
2025-12-31,0.02281594,0.00115818,0.02165776,0.01224119,1.00000000,0.02165776,0.02281594,Chinese mainland: CSI 300,CSI 300 Index
2026-01-31,0.01650129,0.00104868,0.01545261,0.01220876,1.00000000,0.01545261,0.01650129,Chinese mainland: CSI 300,CSI 300 Index
2026-02-28,0.00091579,0.00112188,-0.00020610,0.01055800,1.00000000,-0.00020610,0.00091579,Chinese mainland: CSI 300,CSI 300 Index
2026-03-31,-0.05532145,0.00105758,-0.05637903,0.00879144,1.00000000,-0.05637903,-0.05532145,Chinese mainland: CSI 300,CSI 300 Index
2026-04-30,0.08028224,0.00094515,0.07933709,0.00228434,1.00000000,0.07933709,0.08028224,Chinese mainland: CSI 300,CSI 300 Index
2026-05-31,0.01764188,0.00089640,0.01674548,0.00462858,1.00000000,0.01674548,0.01764188,Chinese mainland: CSI 300,CSI 300 Index
2026-06-30,0.01784707,0.00087948,0.01696759,0.00463288,1.00000000,0.01696759,0.01784707,Chinese mainland: CSI 300,CSI 300 Index
