month,US_S&P500,HK_HangSeng,US_SPY,CN_CSI300
2006-07-31,1276.6600341796875,16971.33984375,88.52926635742188,1294.33
2006-08-31,1303.8199462890625,17392.26953125,90.46119689941406,1338.69
2006-09-30,1335.8499755859375,17543.05078125,92.90377807617188,1403.27
2006-10-31,1377.93994140625,18324.349609375,95.8318099975586,1464.47
2006-11-30,1400.6300048828125,18960.48046875,97.73746490478516,1714.36
2006-12-31,1418.300048828125,19964.720703125,99.04432678222656,2041.05
2007-01-31,1438.239990234375,20106.419921875,100.53398895263672,2385.33
2007-02-28,1406.8199462890625,19651.509765625,98.5617904663086,2544.57
2007-03-31,1420.8599853515625,19800.9296875,99.7039794921875,2781.78
2007-04-30,1482.3699951171875,20318.98046875,104.12043762207031,3558.71
2007-05-31,1530.6199951171875,20634.470703125,107.65223693847656,3927.95
2007-06-30,1503.3499755859375,21772.73046875,106.0782699584961,3764.08
2007-07-31,1455.27001953125,23184.939453125,102.75692749023438,4460.56
2007-08-31,1473.989990234375,23984.140625,104.07564544677734,5296.81
2007-09-30,1526.75,27142.470703125,108.10478210449219,5580.81
2007-10-31,1549.3800048828125,31352.580078125,109.57144165039062,5688.54
2007-11-30,1481.1400146484375,28643.609375,105.32743072509766,4737.41
2007-12-31,1468.3599853515625,27812.650390625,104.14142608642578,5338.27
2008-01-31,1378.550048828125,23455.740234375,97.84487915039062,4620.4
2008-02-29,1330.6300048828125,24331.669921875,95.31633758544922,4674.55
2008-03-31,1322.699951171875,22849.19921875,94.46397399902344,3790.53
2008-04-30,1385.5899658203125,25755.349609375,98.96631622314453,3959.12
2008-05-31,1400.3800048828125,24533.119140625,100.4623794555664,3611.33
2008-06-30,1280.0,22102.009765625,92.06615447998047,2791.82
2008-07-31,1267.3800048828125,22731.099609375,91.23884582519531,2805.21
2008-08-31,1282.8299560546875,21261.890625,92.64884185791016,2391.64
2008-09-30,1166.3599853515625,18016.2109375,83.92373657226562,2243.66
2008-10-31,968.75,13968.669921875,70.06067657470703,1663.66
2008-11-30,896.239990234375,13888.240234375,65.18399047851562,1829.92
2008-12-31,903.25,14387.48046875,65.82254791259766,1817.72
2009-01-31,825.8800048828125,13278.2099609375,60.41757583618164,2032.68
2009-02-28,735.0900268554688,12811.5703125,53.92574691772461,2140.49
2009-03-31,797.8699951171875,13576.01953125,58.418365478515625,2507.79
2009-04-30,872.8099975585938,15520.990234375,64.22198486328125,2622.93
2009-05-31,919.1400146484375,18171.0,67.97598266601562,2759.71
2009-06-30,919.3200073242188,18378.73046875,67.93148803710938,3166.47
2009-07-31,987.47998046875,20573.330078125,72.99955749511719,3734.62
2009-08-31,1020.6199951171875,19724.189453125,75.69613647460938,2830.27
2009-09-30,1057.0799560546875,20955.25,78.38011169433594,3004.8
2009-10-31,1036.18994140625,21752.869140625,76.87323760986328,3280.37
2009-11-30,1095.6300048828125,21821.5,81.60916137695312,3511.67
2009-12-31,1115.0999755859375,21872.5,83.16796112060547,3575.68
2010-01-31,1073.8699951171875,20121.990234375,80.14544677734375,3204.16
2010-02-28,1104.489990234375,20608.69921875,82.64555358886719,3281.67
2010-03-31,1169.4300537109375,21239.349609375,87.67698669433594,3345.61
2010-04-30,1186.68994140625,21108.58984375,89.0333251953125,3067.36
2010-05-31,1089.4100341796875,19765.189453125,81.9592514038086,2773.26
2010-06-30,1030.7099609375,20128.990234375,77.71861267089844,2563.07
2010-07-31,1101.5999755859375,21029.810546875,83.02679443359375,2868.85
2010-08-31,1049.3299560546875,20536.490234375,79.29225158691406,2903.19
2010-09-30,1141.199951171875,22358.169921875,86.39323425292969,2935.57
2010-10-31,1183.260009765625,23096.3203125,89.69364166259766,3379.98
2010-11-30,1180.550048828125,23007.990234375,89.69364166259766,3136.99
2010-12-31,1257.6400146484375,23035.44921875,95.68987274169922,3128.26
2011-01-31,1286.1199951171875,23447.33984375,97.91944885253906,3076.51
2011-02-28,1327.219970703125,23338.01953125,101.3209228515625,3239.56
2011-03-31,1325.8299560546875,23527.51953125,101.33309936523438,3223.29
2011-04-30,1363.6099853515625,23720.810546875,104.2678451538086,3192.72
2011-05-31,1345.199951171875,23684.130859375,103.09854888916016,3001.56
2011-06-30,1320.6400146484375,22398.099609375,101.35926818847656,3044.09
2011-07-31,1292.280029296875,22440.25,99.3316421508789,2972.08
2011-08-31,1218.8900146484375,20534.849609375,93.87080383300781,2846.78
2011-09-30,1131.4200439453125,17592.41015625,87.35421752929688,2581.35
2011-10-31,1253.300048828125,19864.869140625,96.88868713378906,2695.31
2011-11-30,1246.9599609375,17989.349609375,96.49495697021484,2521.52
2011-12-31,1257.5999755859375,18434.390625,97.503173828125,2345.74
2012-01-31,1312.4100341796875,20390.490234375,102.02486419677734,2464.26
2012-02-29,1365.6800537109375,21680.080078125,106.45326232910156,2634.14
2012-03-31,1408.469970703125,20555.580078125,109.87721252441406,2454.9
2012-04-30,1397.9100341796875,21094.2109375,109.14370727539062,2626.16
2012-05-31,1310.3299560546875,18629.51953125,102.58897399902344,2632.04
2012-06-30,1362.1600341796875,19441.4609375,106.75218200683594,2461.61
2012-07-31,1379.3199462890625,19796.810546875,108.01502990722656,2332.92
2012-08-31,1406.5799560546875,19482.5703125,110.72106170654297,2204.87
2012-09-30,1440.6700439453125,20840.380859375,113.52796936035156,2293.11
2012-10-31,1412.1600341796875,21641.8203125,111.46194458007812,2254.82
2012-11-30,1416.1800537109375,22030.390625,112.0927734375,2139.66
2012-12-31,1426.18994140625,22656.919921875,113.09425354003906,2522.95
2013-01-31,1498.1099853515625,23729.529296875,118.88357543945312,2686.88
2013-02-28,1514.6800537109375,23020.26953125,120.4003677368164,2673.33
2013-03-31,1569.18994140625,22299.630859375,124.97212219238281,2495.08
2013-04-30,1597.5699462890625,22737.009765625,127.37317657470703,2447.31
2013-05-31,1630.739990234375,22392.16015625,130.38043212890625,2606.43
2013-06-30,1606.280029296875,20803.2890625,128.64053344726562,2200.64
2013-07-31,1685.72998046875,21883.66015625,135.28831481933594,2193.02
2013-08-31,1632.969970703125,21731.369140625,131.23068237304688,2313.91
2013-09-30,1681.550048828125,22859.859375,135.38368225097656,2409.04
2013-10-31,1756.5400390625,23206.369140625,141.65283203125,2373.72
2013-11-30,1805.81005859375,23881.2890625,145.85108947753906,2438.94
2013-12-31,1848.3599853515625,23306.390625,149.6325225830078,2330.03
2014-01-31,1782.5899658203125,22035.419921875,144.35821533203125,2202.45
2014-02-28,1859.449951171875,22836.9609375,150.92877197265625,2178.97
2014-03-31,1872.3399658203125,22151.060546875,152.18080139160156,2146.3
2014-04-30,1883.949951171875,22133.970703125,153.2386932373047,2158.66
2014-05-31,1923.5699462890625,23081.650390625,156.7948455810547,2156.46
2014-06-30,1960.22998046875,23190.720703125,160.0318603515625,2165.12
2014-07-31,1930.6700439453125,24756.849609375,157.88140869140625,2350.25
2014-08-31,2003.3699951171875,24742.060546875,164.11195373535156,2338.29
2014-09-30,1972.2900390625,22932.98046875,161.84780883789062,2450.99
2014-10-31,2018.050048828125,23998.060546875,165.65953063964844,2508.32
2014-11-30,2067.56005859375,23987.44921875,170.21044921875,2808.82
2014-12-31,2058.89990234375,23605.0390625,169.77870178222656,3533.71
2015-01-31,1994.989990234375,24507.05078125,164.748291015625,3434.39
2015-02-28,2104.5,24823.2890625,174.0078887939453,3572.84
2015-03-31,2067.889892578125,24900.890625,171.2750244140625,4051.2
2015-04-30,2085.510009765625,28133.0,172.95924377441406,4749.89
2015-05-31,2107.389892578125,27424.189453125,175.1829071044922,4840.83
2015-06-30,2063.110107421875,26250.029296875,171.62451171875,4473.0
2015-07-31,2103.840087890625,24636.279296875,175.50140380859375,3816.7
2015-08-31,1972.1800537109375,21670.580078125,164.80459594726562,3366.54
2015-09-30,1920.030029296875,20846.30078125,160.59945678710938,3202.95
2015-10-31,2079.360107421875,22640.0390625,174.25999450683594,3534.08
2015-11-30,2080.409912109375,21996.419921875,174.8969268798828,3566.41
2015-12-31,2043.93994140625,21914.400390625,171.87420654296875,3731.0
2016-01-31,1940.239990234375,19683.109375,163.3172607421875,2946.09
2016-02-29,1932.22998046875,19111.9296875,163.18234252929688,2877.47
2016-03-31,2059.739990234375,20776.69921875,174.15896606445312,3218.09
2016-04-30,2065.300048828125,21067.05078125,174.8454132080078,3156.75
2016-05-31,2096.949951171875,20815.08984375,177.81971740722656,3169.56
2016-06-30,2098.860107421875,20794.369140625,178.43783569335938,3153.92
2016-07-31,2173.60009765625,21891.369140625,184.9456787109375,3203.93
2016-08-31,2170.949951171875,22976.880859375,185.1671600341797,3327.79
2016-09-30,2168.27001953125,23297.150390625,185.1779022216797,3253.28
2016-10-31,2126.14990234375,22934.5390625,181.9674530029297,3336.28
2016-11-30,2198.81005859375,22789.76953125,188.67088317871094,3538.0
2016-12-31,2238.830078125,22000.560546875,192.49551391601562,3310.08
2017-01-31,2278.8701171875,23360.779296875,195.94017028808594,3387.96
2017-02-28,2363.639892578125,23740.73046875,203.63897705078125,3452.81
2017-03-31,2362.719970703125,24111.58984375,203.89352416992188,3456.05
2017-04-30,2384.199951171875,24615.130859375,205.9174346923828,3439.75
2017-05-31,2411.800048828125,25660.650390625,208.823486328125,3492.88
2017-06-30,2423.409912109375,25764.580078125,210.1547393798828,3666.8
2017-07-31,2470.300048828125,27323.990234375,214.4743194580078,3737.87
2017-08-31,2471.64990234375,27970.30078125,215.10006713867188,3822.09
2017-09-30,2519.360107421875,27554.30078125,219.43417358398438,3836.5
2017-10-31,2575.260009765625,28245.5390625,224.60499572753906,4006.72
2017-11-30,2647.580078125,29177.349609375,231.47024536132812,4006.1
2017-12-31,2673.610107421875,29919.150390625,234.2775115966797,4030.85
2018-01-31,2823.81005859375,32887.26953125,247.48114013671875,4275.9
2018-02-28,2713.830078125,30844.720703125,238.482666015625,4023.64
2018-03-31,2640.8701171875,30093.380859375,231.9457244873047,3898.5
2018-04-30,2648.050048828125,30808.44921875,233.14447021484375,3756.88
2018-05-31,2705.27001953125,30468.560546875,238.81202697753906,3802.38
2018-06-30,2718.3701171875,28955.109375,240.1853790283203,3510.98
2018-07-31,2816.2900390625,28583.009765625,249.08335876464844,3517.66
2018-08-31,2901.52001953125,27888.55078125,257.0340576171875,3334.5
2018-09-30,2913.97998046875,27788.51953125,258.562255859375,3438.86
2018-10-31,2711.739990234375,24979.689453125,240.69451904296875,3153.82
2018-11-30,2760.169921875,26506.75,245.15921020507812,3172.69
2018-12-31,2506.85009765625,25845.69921875,223.57334899902344,3010.65
2019-01-31,2704.10009765625,27942.470703125,241.4739227294922,3201.63
2019-02-28,2784.489990234375,28633.1796875,249.30148315429688,3669.37
2019-03-31,2834.39990234375,29051.359375,253.8140106201172,3872.34
2019-04-30,2945.830078125,29699.109375,264.1828918457031,3913.21
2019-05-31,2752.06005859375,26901.08984375,247.33558654785156,3629.79
2019-06-30,2941.760009765625,28542.619140625,264.5468444824219,3825.59
2019-07-31,2980.3798828125,27777.75,268.5466613769531,3835.36
2019-08-31,2926.4599609375,25724.73046875,264.0501708984375,3799.59
2019-09-30,2976.739990234375,26092.26953125,269.1881408691406,3814.53
2019-10-31,3037.56005859375,26906.720703125,275.13836669921875,3886.75
2019-11-30,3140.97998046875,26346.490234375,285.09796142578125,3828.67
2019-12-31,3230.780029296875,28189.75,293.3816223144531,4096.58
2020-01-31,3225.52001953125,26312.630859375,293.2630920410156,4003.9
2020-02-29,2954.219970703125,26129.9296875,270.0467224121094,3940.05
2020-03-31,2584.590087890625,23603.48046875,236.32566833496094,3686.16
2020-04-30,2912.429931640625,24643.58984375,266.33514404296875,3912.58
2020-05-31,3044.31005859375,22961.470703125,279.02471923828125,3867.02
2020-06-30,3100.2900390625,24427.189453125,283.9729919433594,4163.96
2020-07-31,3271.1201171875,24595.349609375,300.6968994140625,4695.05
2020-08-31,3500.31005859375,25177.05078125,321.6844482421875,4816.22
2020-09-30,3363.0,23459.05078125,309.6395568847656,4587.4
2020-10-31,3269.9599609375,24107.419921875,301.9190979003906,4695.33
2020-11-30,3621.6298828125,26341.490234375,334.7608642578125,4960.25
2020-12-31,3756.070068359375,27231.130859375,347.1631774902344,5211.29
2021-01-31,3714.239990234375,28283.7109375,343.6254577636719,5351.96
2021-02-28,3811.14990234375,28980.2109375,353.18011474609375,5336.76
2021-03-31,3972.889892578125,28378.349609375,369.21417236328125,5048.36
2021-04-30,4181.169921875,28724.880859375,388.7496032714844,5123.49
2021-05-31,4204.10986328125,29151.80078125,391.30218505859375,5331.57
2021-06-30,4297.5,28827.94921875,400.0780029296875,5224.04
2021-07-31,4395.259765625,25961.029296875,409.84490966796875,4811.17
2021-08-31,4522.68017578125,25878.990234375,422.0418701171875,4805.61
2021-09-30,4307.5400390625,24575.640625,402.37237548828125,4866.38
2021-10-31,4605.3798828125,25377.240234375,430.6042785644531,4908.77
2021-11-30,4567.0,23475.259765625,427.1444091796875,4832.03
2021-12-31,4766.18017578125,23397.669921875,446.8988952636719,4940.37
2022-01-31,4515.5498046875,23802.259765625,423.3289794921875,4563.77
2022-02-28,4373.93994140625,22713.01953125,410.8335266113281,4581.65
2022-03-31,4530.41015625,21996.849609375,426.27691650390625,4222.6
2022-04-30,4131.93017578125,21089.390625,388.8630065917969,4016.24
2022-05-31,4132.14990234375,21415.19921875,389.74072265625,4091.52
2022-06-30,3785.3798828125,21859.7890625,357.6025695800781,4485.01
2022-07-31,4130.2900390625,20156.509765625,390.5332336425781,4170.1
2022-08-31,3955.0,19954.390625,374.5987243652344,4078.84
2022-09-30,3585.6201171875,17222.830078125,339.9686279296875,3804.89
2022-10-31,3871.97998046875,14687.01953125,367.5997314453125,3508.7
2022-11-30,4080.110107421875,18597.23046875,388.0351867675781,3853.04
2022-12-31,3839.5,19781.41015625,365.6733703613281,3871.63
2023-01-31,4076.60009765625,21842.330078125,388.6695861816406,4156.86
2023-02-28,3970.14990234375,19785.939453125,378.8974609375,4069.46
2023-03-31,4109.31005859375,20400.109375,392.94610595703125,4050.93
2023-04-30,4169.47998046875,19894.5703125,399.22344970703125,4029.09
2023-05-31,4179.830078125,18234.26953125,401.0662841796875,3798.54
2023-06-30,4450.3798828125,18916.4296875,427.0553894042969,3842.45
2023-07-31,4588.9599609375,20078.939453125,441.03424072265625,4014.63
2023-08-31,4507.66015625,18382.060546875,433.8666076660156,3765.27
2023-09-30,4288.0498046875,17809.66015625,413.286376953125,3689.52
2023-10-31,4193.7998046875,17112.48046875,404.3144226074219,3572.51
2023-11-30,4567.7998046875,17042.880859375,441.24609375,3496.2
2023-12-31,4769.830078125,17047.390625,461.3913269042969,3431.11
2024-01-31,4845.64990234375,15485.0703125,468.7396545410156,3215.35
2024-02-29,5096.27001953125,16511.439453125,493.20166015625,3516.08
2024-03-31,5254.35009765625,16541.419921875,509.330322265625,3537.48
2024-04-30,5035.68994140625,17763.029296875,488.7944030761719,3604.39
2024-05-31,5277.509765625,18079.609375,513.5173950195312,3579.92
2024-06-30,5460.47998046875,17718.609375,531.6343383789062,3461.66
2024-07-31,5522.2998046875,17344.599609375,538.0719604492188,3442.08
2024-08-31,5648.39990234375,17989.0703125,550.6444091796875,3321.43
2024-09-30,5762.47998046875,21133.6796875,562.2103881835938,4017.85
2024-10-31,5705.4501953125,20317.330078125,557.1934814453125,3891.04
2024-11-30,6032.3798828125,19423.609375,590.4208374023438,3916.58
2024-12-31,5881.6298828125,20059.94921875,576.2152709960938,3934.91
2025-01-31,6040.52978515625,20225.109375,591.6903686523438,3817.08
2025-02-28,5954.5,22941.3203125,584.178955078125,3890.05
2025-03-31,5611.85009765625,23119.580078125,551.62890625,3887.31
2025-04-30,5569.06005859375,22119.41015625,546.84619140625,3770.57
2025-05-31,5911.68994140625,23289.76953125,581.2127685546875,3840.23
2025-06-30,6204.9501953125,24072.279296875,611.0790405273438,3936.08
2025-07-31,6339.39013671875,24773.330078125,625.1531982421875,4075.59
2025-08-31,6460.259765625,25077.619140625,637.9810180664062,4496.76
2025-09-30,6688.4599609375,26855.560546875,660.7061157226562,4640.69
2025-10-31,6840.2001953125,25906.650390625,676.4556274414062,4640.67
2025-11-30,6849.08984375,25858.890625,677.7747192382812,4526.66
2025-12-31,6845.5,25630.5390625,678.3152465820312,4629.94
2026-01-31,6939.02978515625,27387.109375,688.3121337890625,4706.34
2026-02-28,6878.8798828125,26630.5390625,682.3637084960938,4710.65
2026-03-31,6528.52001953125,24788.140625,648.6688842773438,4450.05
2026-04-30,7209.009765625,25776.529296875,716.8132934570312,4807.31
2026-05-31,7580.06005859375,25182.390625,754.5361328125,4892.12
2026-06-30,7499.35986328125,22881.01953125,746.77001953125,4979.43
