forecast_month,market_return,return_lag1,return_lag2,return_lag3,momentum_3,volatility_3,momentum_6,volatility_6,momentum_12,volatility_12,ma_gap_3,ma_gap_6,ma_gap_10,term_spread_lag1,unemployment_lag2,inflation_yoy_lag2
2006-07-31,0.004468024489378664,0.002604935714100698,-0.030583612116460657,0.012552452248395518,-0.015307849431486664,0.07824516395523168,0.030848503620424905,0.06590014380234512,0.08726821740097401,0.07653292258655055,-0.008517564429744606,-0.005592733754479551,0.01416440612571912,0.11536363636363678,4.6,3.9772727272727293
2006-08-31,0.0215878045670177,0.004468024489378664,0.002604935714100698,-0.030583612116460657,-0.023236429787122592,0.0683164407098883,0.011182545176701808,0.05795739485843325,0.05188991863602599,0.0688825104705524,0.0038501210478427694,-0.0029753251520854285,0.013473023545333307,-0.14766129032258046,4.6,4.1817243159525175
2006-09-30,0.026643317978957803,0.0215878045670177,0.004468024489378664,0.002604935714100698,0.029075436613239525,0.036246579964966066,0.02736656589628872,0.06447631902650977,0.08501658922101907,0.06916514820687186,0.01594208213405124,0.014195065410493646,0.025718186256902476,-0.36992987377279096,4.7,4.104669061056954
2006-10-31,0.031030362568226444,0.026643317978957803,0.0215878045670177,0.004468024489378664,0.05411246454936114,0.040258880439326766,0.037976269658186235,0.07038224019251314,0.10544202896643018,0.07197369959364046,0.025072590217747326,0.035006089129074214,0.04483345390692861,-0.5356666666666667,4.7,3.926568077511483
2006-11-30,0.01969027860901118,0.031030362568226444,0.026643317978957803,0.0215878045670177,0.08248733939185637,0.016368645496358483,0.057334198334628494,0.07873291757781434,0.16790388368182696,0.06579662758964297,0.029723282882105906,0.05742341659668648,0.0653805911232781,-0.5161136712749617,4.5,2.012072434607637
2006-12-31,0.013282540827280975,0.01969027860901118,0.031030362568226444,0.026643317978957803,0.08043523913863027,0.01980850428024842,0.11184936544891588,0.04038907052334043,0.14097948825237738,0.05781439513779352,0.023525220490268284,0.0592969422837093,0.07439819474631304,-0.6504285714285718,4.4,1.4063284781516971
2007-01-31,0.01492837365499522,0.013282540827280975,0.01969027860901118,0.031030362568226444,0.06609579107773267,0.031133319265052375,0.12378486177864945,0.03297175900234489,0.1584519431558069,0.056085150154009104,0.015444868714548532,0.052715153640220835,0.07576453915935444,-0.6735645161290327,4.5,1.9687026754164672
2007-02-28,-0.019812202979201388,0.01492837365499522,0.013282540827280975,0.01969027860901118,0.049066995136561875,0.011527671748213234,0.1356017404091865,0.023531151158262414,0.14830065817405336,0.05479686834967763,0.01441627554729985,0.04629798151000619,0.07901845414164765,-0.48886328725038375,4.4,2.5239777889954462
2007-03-31,0.011521924959701835,-0.019812202979201388,0.01492837365499522,0.013282540827280975,0.008434079626747915,0.06789519126108967,0.0895477159770699,0.062476681160435595,0.11936489534350736,0.06306983861752213,-0.008233494089486038,0.011559068611534551,0.04892746164679451,-0.5362969924812022,4.6,2.075765178123423
2007-04-30,0.043342692335278876,0.011521924959701835,-0.019812202979201388,0.01492837365499522,0.006660176623860092,0.0663376082065326,0.07319617734426398,0.05885818537858114,0.1139521647712245,0.06267025951335047,0.0010447785050675673,0.011515661990730175,0.047924713901574156,-0.6922287390029327,4.5,2.420260782347028
2007-05-31,0.03335772015713623,0.043342692335278876,0.011521924959701835,-0.019812202979201388,0.035673991520651205,0.10938856989873397,0.08649140222565843,0.07003952471696737,0.14878451576973295,0.07151733902218921,0.03298796385409486,0.04172178515943026,0.07626028361156378,-0.5558571428571426,4.4,2.798197295943927
2007-06-30,-0.014728785862655691,0.03335772015713623,0.043342692335278876,0.011521924959701835,0.09223093887763079,0.056374867763448765,0.10144290158692248,0.0752587376226279,0.2246385912076323,0.057654300584230045,0.03685687711526442,0.05954013036294392,0.09119787859819484,-0.5071847507331384,4.5,2.5929247633283525
2007-07-31,-0.03181094553366215,-0.014728785862655691,0.03335772015713623,0.043342692335278876,0.06393215695877075,0.10755750378920993,0.07101813303992044,0.08724928546692512,0.20359396460069434,0.06453383352049917,0.001207689840362569,0.03213961519958741,0.05848780995640279,-0.15114285714285813,4.4,2.709885742672613
2007-08-31,0.012751722875214533,-0.03181094553366215,-0.014728785862655691,0.03335772015713623,-0.013095509037189368,0.11705611669738826,0.0221113134051103,0.1058197590044125,0.16071138639476268,0.07968354772287627,-0.025962016256390275,-0.0037682603817995597,0.015363355823416969,-0.2541013824884786,4.6,2.692765113974227
2007-09-30,0.037982966642679195,0.012751722875214533,-0.03181094553366215,-0.014728785862655691,-0.03322356871918275,0.07788208979267854,0.055943129222612464,0.09824514267957693,0.1505004246461774,0.07906193414613648,-0.002185627538014656,0.00010630535163858035,0.02008437518365147,-0.34747545582047756,4.7,2.3178905864958077
2007-10-31,0.013475810225560991,0.037982966642679195,0.012751722875214533,-0.03181094553366215,0.01910393284872569,0.1224225245177665,0.08425744544091085,0.10660020887584074,0.16362094570424257,0.08215539544882472,0.029774147530822193,0.025032689569966626,0.04891699165711283,-0.4164210526315788,4.6,1.897448478900876
2007-11-30,-0.039502885747960015,0.013475810225560991,0.037982966642679195,0.012751722875214533,0.06631683455895354,0.049754209474118925,0.0523528728154794,0.09416414725969659,0.14337234842149038,0.07970475146985226,0.021639208396169396,0.03006606801801981,0.052398231371312054,-0.227756598240469,4.7,2.8338264299802685
2007-12-31,-0.011324044352361007,-0.039502885747960015,0.013475810225560991,0.037982966642679195,0.012027648475746888,0.13719621178014935,-0.021595521649099947,0.10388633171250083,0.07765666756045464,0.09357174697229649,-0.021737717847160387,-0.0062113901180177455,0.006999708173471175,-0.33816666666666606,4.7,3.610698365527476
2008-01-31,-0.06236648277369472,-0.011324044352361007,-0.039502885747960015,0.013475810225560991,-0.03666217109836545,0.09182398506424318,-0.018258629904391532,0.10312279872992107,0.05146280932785219,0.0947768688778992,-0.020737255558411993,-0.014399714145151732,-0.00962244714691185,-0.14701612903225847,4.7,4.373267326732666
2008-02-29,-0.02618212961984412,-0.06236648277369472,-0.011324044352361007,-0.039502885747960015,-0.10702207001543262,0.08856773330450725,-0.047802600367849335,0.1292932681234099,-0.026748265241051783,0.11465087134683404,-0.04483723601749401,-0.06675985766271597,-0.06785413485037173,-0.19603686635944717,5.0,4.108813392417532
2008-03-31,-0.008982694892338827,-0.02618212961984412,-0.06236648277369472,-0.011324044352361007,-0.09504734968592543,0.0909439457135441,-0.0841628973207521,0.12585583165929207,-0.032928103938704045,0.11588506305637654,-0.03818879629908101,-0.07803930413101023,-0.08426225538793919,0.7568103448275862,5.0,4.294695655165981
2008-04-30,0.04656101777906407,-0.008982694892338827,-0.02618212961984412,-0.06236648277369472,-0.09292605691198363,0.09439233842500037,-0.12618135701234556,0.09157120233622662,-0.052555630375562434,0.11493259137458227,-0.01471800410449886,-0.06573910320074394,-0.08080461250029591,0.8996774193548389,4.9,4.142959270611968
2008-05-31,0.015003771573780966,0.04656101777906407,-0.008982694892338827,-0.02618212961984412,0.011461377258489058,0.1317003421845848,-0.09678731307637478,0.1276115879888325,-0.049501534152534776,0.11642934539127153,0.02823347556892708,-0.003795700181028816,-0.03028310028103043,1.3966666666666665,5.1,3.9749035501344343
2008-06-30,-0.0872759345669607,0.015003771573780966,0.04656101777906407,-0.008982694892338827,0.053989085192282626,0.09650196245584343,-0.04618978395313689,0.12779026752485376,-0.0667878131229096,0.11129883784809745,0.025500699616573863,0.01958568342572664,-0.013405831496241527,1.901612903225807,5.0,3.9037609759888126
2008-07-31,-0.009026641617455589,-0.0872759345669607,0.015003771573780966,0.04656101777906407,-0.025383428385807205,0.24236059040021102,-0.1159507033869901,0.17065369027652794,-0.1320922323110847,0.13809455535284268,-0.0524756671015717,-0.04614434336003881,-0.08507059902459546,2.0985238095238095,5.4,4.088413823123993
2008-08-31,0.015335705009906775,-0.009026641617455589,-0.0872759345669607,0.015003771573780966,-0.07808182311773315,0.1852649502387081,-0.06751537109102701,0.1552552022316811,-0.11209056115592497,0.1363625744388473,-0.035419301167141204,-0.04380841741097974,-0.07783585036473306,1.998049853372434,5.6,4.935966105947864
2008-09-30,-0.09890796396365698,0.015335705009906775,-0.009026641617455589,-0.0872759345669607,-0.07777575685545157,0.1857181970456432,-0.027985713625932274,0.15702127714917616,-0.109793252204337,0.136854573413076,0.00722107507192038,-0.024486349224608572,-0.04728974198461022,1.8892626728110593,5.8,5.497512078341837
2008-10-31,-0.18054681370695214,-0.09890796396365698,0.015335705009906775,-0.009026641617455589,-0.08844094720482099,0.20844084024218826,-0.1115794411408817,0.2065528614923727,-0.2236815528553916,0.15241137283513512,-0.05989369043226134,-0.09970182265322836,-0.11758880580376108,1.8745238095238095,6.1,5.308017162091239
2008-11-30,-0.07214778082467355,-0.18054681370695214,-0.09890796396365698,0.015335705009906775,-0.23211789955194717,0.34084154332126276,-0.29207553389440544,0.27123370723453205,-0.36059364082979317,0.2150292224298903,-0.14779525688877626,-0.20745935827547812,-0.23597298835062175,2.8447360703812317,6.1,4.953319875136075
2008-12-31,0.00974855910236716,-0.07214778082467355,-0.18054681370695214,-0.09890796396365698,-0.29644030976140734,0.1956085863087486,-0.35116019716270097,0.24165896879956997,-0.38112996747595174,0.21785876451368696,-0.10775473014940973,-0.2100861025781865,-0.2629007484065412,3.1390000000000002,6.5,3.7310578899565128
2009-01-31,-0.08568239979941339,0.00974855910236716,-0.07214778082467355,-0.18054681370695214,-0.21568616221086956,0.33066505632103477,-0.2850516209307885,0.264870703787858,-0.3679503883692521,0.22186568482895425,-0.01790232797842861,-0.15770253869620832,-0.22999926029889206,2.2612023460410557,6.8,1.0999174706166848
2009-02-28,-0.11367201004988026,-0.08568239979941339,0.00974855910236716,-0.07214778082467355,-0.13763927512522334,0.1788701446365498,-0.3378086352392511,0.25426928745938016,-0.3825167309643467,0.22582237978724726,-0.05313534692224098,-0.17247036466368426,-0.26391041037614904,2.363306451612903,7.3,-0.02222800255385904
2009-03-31,0.080022274541804,-0.11367201004988026,-0.08568239979941339,0.00974855910236716,-0.17271485648767826,0.22415674466208263,-0.41795552069148134,0.21424462517086917,-0.4342444508069644,0.2365990629621511,-0.10206500179697386,-0.1897653110792954,-0.3048570745105126,2.647857142857143,7.8,-0.11358601902212717
2009-04-30,0.09471527766048293,0.080022274541804,-0.11367201004988026,-0.08568239979941339,-0.11248702259161492,0.3626539211534498,-0.3039112906011717,0.3200860148791761,-0.3815804797803706,0.26715949501645375,0.014432645505122244,-0.06237802943445092,-0.20379106745028108,2.638900293255132,8.3,0.008463140671510772
2009-05-31,0.05680885127080959,0.09471527766048293,0.080022274541804,-0.11367201004988026,0.06296858115285886,0.40288614248547083,-0.08333764383790776,0.3085801733890595,-0.3510722909148545,0.28773705261196825,0.09118317491414141,0.04712543201299901,-0.09016271668504938,2.776809523809524,8.7,-0.4464787676623838
2009-06-30,-0.0006547782879895436,0.05680885127080959,0.09471527766048293,0.080022274541804,0.2605478190172812,0.0662064124120856,0.042832483359855456,0.30463010780721467,-0.32336877710446044,0.29865646459876244,0.06983459801258896,0.09998778785602602,-0.004160012875871089,3.1155806451612906,9.0,-0.5763244243767063
2009-07-31,0.0719537110076125,-0.0006547782879895436,0.05680885127080959,0.09471527766048293,0.16284472324191213,0.16633949293731415,0.03203978258805895,0.30475927316400514,-0.26214483030372593,0.2938649701281046,0.018313189003333674,0.09305070662270087,0.032578459249910985,3.5154848484848484,9.4,-1.015761495855172
2009-08-31,0.03627374239813719,0.0719537110076125,-0.0006547782879895436,0.05680885127080959,0.13667551151715474,0.13269083025068376,0.20825035570859018,0.2716017396336829,-0.19990704798066838,0.3095087882300373,0.04830686824730912,0.13625909575554718,0.1283509430898826,3.4064662756598243,9.5,-1.2291746182109153
2009-09-30,0.03484309598921964,0.03627374239813719,0.0719537110076125,-0.0006547782879895436,0.11357178676658419,0.12576779013585626,0.40371048712779456,0.11928170254059692,-0.1829780604197957,0.312703883412294,0.0482913885509626,0.11524628902026746,0.15992805382212505,3.426820276497696,9.5,-1.9587610037622771
2009-10-31,-0.01941241734291399,0.03484309598921964,0.03627374239813719,0.0719537110076125,0.1538111994767246,0.07283274889998127,0.34170326492893044,0.11495087215655467,-0.06605550591942655,0.30285999706819433,0.035514701336680554,0.10083070796337523,0.17725064758916664,3.2552380952380955,9.6,-1.4838355663267633
2009-11-30,0.05978372698070533,-0.01941241734291399,0.03484309598921964,0.03627374239813719,0.05306443282214679,0.10996959455037153,0.19699255283863626,0.11922691311553016,0.09723801379354202,0.23710013888602274,-0.0014279007727888704,0.048613379596885054,0.13576644942331328,3.2695545314900154,9.8,-1.377942862886472
2009-12-31,0.018920663534311544,0.05978372698070533,-0.01941241734291399,0.03484309598921964,0.07811528008866264,0.14026920600698026,0.20055875878868856,0.12089672418046955,0.2519816718470338,0.2250081507525518,0.03362699072471176,0.07974883697877799,0.1691324747496432,3.283631578947369,10.0,-0.22396829420033848
2010-01-31,-0.03701912230363735,0.018920663534311544,0.05978372698070533,-0.01941241734291399,0.061085003871148125,0.13719507512656176,0.22429176106333437,0.11161710941471514,0.26351780291215543,0.2247957161631625,0.03249953052378385,0.06460403357748845,0.14355748491249787,3.471935483870968,9.9,1.9145871744709275
2010-02-28,0.03071795606691463,-0.03701912230363735,0.018920663534311544,0.05978372698070533,0.04256629835323378,0.16834394092682256,0.0978894876548333,0.1273316576438693,0.32652536398767396,0.20429007566052118,-0.018316927493259083,0.010508340544996164,0.07003114133094002,3.623157894736843,9.9,2.8141231232083674
2010-03-31,0.05909843078608912,0.03071795606691463,-0.03701912230363735,0.018920663534311544,0.012699459159088322,0.12535348050113093,0.09180676105693775,0.12539069786287144,0.5325806004126536,0.13912028734719548,0.008040769353675925,0.027032454266436856,0.07692077660010788,3.5646240601503756,9.8,2.6211113889767157
2010-04-30,0.015351284515476848,0.05909843078608912,0.03071795606691463,-0.03701912230363735,0.05421589651803216,0.1710692675112651,0.11861267863786207,0.13875066005741077,0.5008462831193159,0.133279237544426,0.05015799891194872,0.06897441071519594,0.11388807760757746,3.5628751753155683,9.8,2.151336357866529
2010-05-31,-0.08278855039191058,0.015351284515476848,0.05909843078608912,0.03071795606691463,0.11089686033768875,0.07688171104596747,0.15818362753449344,0.12374246716585185,0.3863371769784254,0.11627654658226926,0.029859012801325635,0.05933530834624734,0.10158745669743685,3.6484848484848484,9.9,2.2861714393279886
2010-06-30,-0.05312741565047574,-0.08278855039191058,0.015351284515476848,0.05909843078608912,-0.008304163445654988,0.2517028225120952,0.004289837328904866,0.17833346027124103,0.20570896056768384,0.15490722921932962,-0.049452316380644734,-0.02550988643186014,0.0029434408476485263,3.2193548387096778,9.9,2.2067707525304403
2010-07-31,0.06606860619989785,-0.05312741565047574,-0.08278855039191058,0.015351284515476848,-0.11358024949186385,0.17435906908570745,-0.06552220802677478,0.18944143539007385,0.1440734616094761,0.16914285705556653,-0.06254383368508665,-0.06584309174670033,-0.05129763976675217,3.027424242424242,9.6,2.003548929218568
2010-08-31,-0.04602296646144044,0.06606860619989785,-0.05312741565047574,-0.08278855039191058,-0.06746384849203613,0.2729319607803471,0.03595148286158811,0.21074431319353507,0.1373602427541738,0.1669253059791828,0.026269478433857074,-0.007767504511779322,0.007782441214686742,2.828847926267281,9.4,1.1215605940686268
2010-09-30,0.08576895174640864,-0.04602296646144044,0.06606860619989785,-0.05312741565047574,-0.03254055852406912,0.23161470369959852,-0.040574499853127444,0.21689803590711734,0.04750724779078941,0.17334795665078087,-0.009002353807500474,-0.046026428837390276,-0.040365271924702184,2.509281524926686,9.4,1.3407784804821077
2010-10-31,0.037490516591306644,0.08576895174640864,-0.04602296646144044,0.06606860619989785,0.1116157543723042,0.24625894493905554,-0.014641840348388557,0.2385725283298739,0.10223413038556317,0.1899596128769286,0.042086472263627384,0.042088757881360905,0.039555444657244365,2.452952380952381,9.5,1.1501775395112546
2010-11-30,0.0,0.037490516591306644,0.08576895174640864,-0.04602296646144044,0.08029753857757527,0.23097367320771103,0.007416509108658209,0.24451941052486745,0.16677330695760162,0.18948731124334986,0.05365276958752463,0.08046450233973146,0.07086004572216442,2.3487096774193548,9.5,1.1183122472331775
2010-12-31,0.06471258781112788,0.0,0.037490516591306644,0.08576895174640864,0.13117788771936167,0.14894736801290717,0.09436872746289682,0.20027308761926055,0.09906339128155328,0.18264196550147993,0.012417792845549114,0.06394328085359269,0.05879018553127913,2.5686666666666667,9.4,1.1666951489314625
2011-01-31,0.023032720311246813,0.06471258781112788,0.0,0.037490516591306644,0.10760840902832935,0.11255486677165939,0.23123495715113407,0.17126016330183652,0.15056172415884017,0.1912038258845996,0.043596721478706524,0.09612603198272307,0.11244319048615825,3.107683284457478,9.8,1.084544776600338
2011-02-28,0.03414774317848135,0.023032720311246813,0.06471258781112788,0.0,0.09171003693756341,0.11362602326013792,0.17937166574408359,0.16293574915983774,0.22177182597252454,0.18380281521106379,0.03690530865115815,0.09065570063249018,0.12496772219967611,3.225612903225806,9.3,1.437793022217937
2011-03-31,0.00012017046149193078,0.03414774317848135,0.023032720311246813,0.06471258781112788,0.1296332825096278,0.07476583197643978,0.2778161904067298,0.10540799811137709,0.22596943757674803,0.18412006444324028,0.03062596759399705,0.08420522358983096,0.14784232710154854,3.41953007518797,9.1,1.7007834915029774
2011-04-30,0.028549918725480516,0.00012017046149193078,0.03414774317848135,0.023032720311246813,0.05897412612062114,0.060106644873369135,0.17292864703462651,0.08555147840812904,0.15575481304469418,0.17876951396807084,0.011397636039465642,0.05619375282556671,0.12332529942730841,3.2756381486676016,9.0,2.124898173333145
2011-05-31,-0.011277706431260803,0.028549918725480516,0.00012017046149193078,0.03414774317848135,0.06483284348168517,0.06320541005278556,0.16248870288972106,0.08373094068375436,0.1711103109434149,0.17952003093840727,0.019163405140234735,0.05994705484992369,0.12281275271121683,3.3569999999999998,9.0,2.619241510354109
2011-06-30,-0.01701400007139675,-0.011277706431260803,0.028549918725480516,0.00012017046149193078,0.017544510922012924,0.0710549352211654,0.14945214597248713,0.09286360573829837,0.2579244822674067,0.14956797322605084,0.0019311766685961018,0.024785981443107286,0.08673212230787009,3.0747004608294937,9.1,3.0772344447868694
2011-07-31,-0.020207143696915786,-0.01701400007139675,-0.011277706431260803,0.028549918725480516,0.00025824556246778485,0.08596761583852593,0.05924760148946007,0.07551709106562282,0.3041826752323169,0.13409706062230492,-0.015054976746737725,-0.0018767861423452104,0.04411259029274617,2.910272727272727,9.0,3.4589718808964998
2011-08-31,-0.056544762795623704,-0.020207143696915786,-0.01701400007139675,-0.011277706431260803,-0.0473415653277206,0.015673932551872802,0.014421989858894424,0.08156469785112765,0.19638055194731208,0.13097660413554904,-0.019074173246808268,-0.024105453841551272,0.00976762480241633,2.9320322580645164,9.1,3.5023181506360412
2011-09-30,-0.07194809104968236,-0.056544762795623704,-0.020207143696915786,-0.01701400007139675,-0.08950412159605625,0.0760697039501944,-0.07352991671295062,0.0963152510515852,0.18385847235166297,0.13662036480349515,-0.043961255147240585,-0.06636658230203307,-0.049780137055464135,2.207237026647966,9.0,3.5798809769996165
2011-10-31,0.10359144571551226,-0.07194809104968236,-0.056544762795623704,-0.020207143696915786,-0.1381723734739031,0.09203054619013004,-0.13794981031374054,0.12336709555050901,0.01112336266464764,0.13735254048754073,-0.0659189865380756,-0.11057012525619869,-0.11364617360978546,1.891238095238095,9.0,3.75499603070808
2011-11-30,-0.004072016632486353,0.10359144571551226,-0.07194809104968236,-0.056544762795623704,-0.024593925603073608,0.3367343070296325,-0.07077117599519123,0.2137217864089705,0.08021801030509113,0.16884607462470627,0.04513388776536953,-0.000981340115586371,-0.018097504369539386,2.0813548387096774,9.0,3.812621692818685
2011-12-31,0.010394181953967241,-0.004072016632486353,0.10359144571551226,-0.07194809104968236,0.027954944775750334,0.30663565210453514,-0.06405125959672564,0.2140418182758722,0.07582828817678999,0.16906420987601617,0.031157212733810224,0.00637957365166697,-0.020673915608451887,1.9324999999999997,8.8,3.5222681306640524
2012-01-31,0.04533162065575702,0.010394181953967241,-0.004072016632486353,0.10359144571551226,0.1161816405192384,0.2024174992382853,-0.03804382597929967,0.21570671197002494,0.01894977006940457,0.1567985062022096,0.005578470567286775,0.023756612795900134,-0.006592450304227504,1.9064823348694317,8.6,3.451432214581729
2012-02-29,0.042489487243012825,0.04533162065575702,0.010394181953967241,-0.004072016632486353,0.053011112183778186,0.08798425884091243,0.027113435231520544,0.22538138439478694,0.041926454778363764,0.1616400128131131,0.03395546212678724,0.06620806762275744,0.03874451868895745,1.884564516129032,8.5,3.062066838419386
2012-03-31,0.03165745508747264,0.042489487243012825,0.04533162065575702,0.010394181953967241,0.10320026736693144,0.06721325712944122,0.13404016991776713,0.20350293659225915,0.05065429067457328,0.16357347275128795,0.04372321647702848,0.08862913529391414,0.08142510520088497,1.863706896551724,8.3,3.0087663379855023
2012-04-30,-0.006698063290270895,0.03165745508747264,0.042489487243012825,0.04533162065575702,0.12690908624268538,0.024995737514358195,0.2578352325983966,0.1291342235002934,0.08431710085550814,0.16575829625487085,0.035420478753672935,0.08210383603757365,0.10857403858039749,2.045953079178885,8.3,2.8981784423473878
2012-05-31,-0.06193496818795996,-0.006698063290270895,0.03165745508747264,0.042489487243012825,0.0697755702461218,0.08953093139366322,0.1264855630119044,0.08001625446087701,0.0467628549759469,0.1644426925090869,0.006012580427932512,0.05368498483406969,0.09259245893685097,1.9135238095238096,8.2,2.5828752813320977
2012-06-30,0.03977963117956129,-0.06193496818795996,-0.006698063290270895,0.03165745508747264,-0.036300327914156605,0.1629834540514435,0.06315373590652662,0.14051021107969908,-0.004942600023251087,0.17684728727183552,-0.04304274236792227,-0.019212108568488317,0.02363788035262404,1.647375366568915,8.2,2.2731633741348567
2012-07-31,0.011760291004310197,0.03977963117956129,-0.06193496818795996,-0.006698063290270895,-0.028441115730741373,0.17639246849229565,0.09485853450283321,0.1466171356515311,0.05320592694425641,0.1801204645741226,0.005562847543223004,0.0057673647109994786,0.051661463460214385,1.4607142857142859,8.2,1.7379429374660749
2012-08-31,0.024743697686736787,0.011760291004310197,0.03977963117956129,-0.06193496818795996,-0.010341204237420576,0.18199963942693767,0.05871280258600353,0.13740354157598006,0.08741814358770084,0.17819822632859175,0.021076960543084056,0.008182269635748751,0.04287578060004393,1.370215053763441,8.2,1.653870448297634
2012-09-30,0.02503515170998316,0.024743697686736787,0.011760291004310197,0.03977963117956129,0.07926863278306051,0.04857430532572454,0.0400908275055718,0.12922958634954523,0.1795047787543298,0.16460619714105654,0.02050737934357616,0.026623785520099252,0.05491386886247196,1.5460028050490884,8.2,1.4175114798464783
2012-10-31,-0.018366004217842402,0.02503515170998316,0.024743697686736787,0.011760291004310197,0.06347212043948414,0.026263119437110287,0.033225786785647804,0.12645135949845743,0.2996277978481867,0.13551967020460945,0.02503986462617025,0.04674443671427597,0.0643838155247296,1.5788245614035088,8.1,1.6859349154821235
2012-11-30,0.00564363425090697,-0.018366004217842402,0.02503515170998316,0.024743697686736787,0.03191143561976606,0.08651233067743308,0.021240228709092035,0.13016320812878512,0.15041237400776764,0.10717273633506541,-0.003947270130756131,0.0240473060732298,0.03151425397770691,1.5878033794162827,7.8,1.9497168982819613
2012-12-31,0.0088947104877235,0.00564363425090697,-0.018366004217842402,0.02503515170998316,0.012388896112581094,0.0753147266427639,0.09263957975217707,0.0696391824130453,0.1616438512128644,0.10604975852303034,-0.002386260391142092,0.015071109683732375,0.027776150381533027,1.4933333333333332,7.8,2.1556780595369363
2013-01-31,0.049923083388924816,0.0088947104877235,0.00564363425090697,-0.018366004217842402,-0.003820343328222786,0.05157865454538127,0.059409291819412235,0.05521929943004819,0.15990330468008596,0.10609262159607252,0.007823547032726363,0.014430110102598537,0.03068275841416046,1.554483870967742,7.7,1.7960197033926262
2013-02-28,0.012677930606908916,0.049923083388924816,0.0088947104877235,0.00564363425090697,0.06658443729234453,0.08549346753505703,0.10062067789604368,0.07971380102673563,0.16524120247942742,0.10773584831831692,0.036562623522601534,0.049309771924416435,0.07462321776810432,1.7721812596006146,7.9,1.7595049796895523
2013-03-31,0.03726810280560411,0.012677930606908916,0.049923083388924816,0.0088947104877235,0.07411355830131638,0.07854733023019865,0.08742063958822621,0.078344398260482,0.13101623287595632,0.10276670172555172,0.025038173690535404,0.047778377405610195,0.07737144997611178,1.8392105263157896,8.0,1.684061762098299
2013-04-30,0.019030486062704632,0.03726810280560411,0.012677930606908916,0.049923083388924816,0.10502627923653596,0.06560528192274473,0.10080469946314397,0.08418416010598123,0.13737980170014552,0.10418451401381021,0.029265953876998818,0.06980645544023134,0.09632238993339759,1.8139516129032258,7.7,2.0181404902574807
2013-05-31,0.023335401840361314,0.019030486062704632,0.03726810280560411,0.012677930606908916,0.07141105155924277,0.044218597762509915,0.1427503535361141,0.060941950835621296,0.16702263240261694,0.1026557355182465,0.025148148087501987,0.06615752541266184,0.09753155379296041,1.6140909090909092,7.5,1.5187472411246183
2013-06-30,-0.013434625626514318,0.023335401840361314,0.019030486062704632,0.03726810280560411,0.08289064709424565,0.033023116766909714,0.16314752620161532,0.05413479732831228,0.2709010242187173,0.062385440719763624,0.021988501977698416,0.06417958521099743,0.10220294193193857,1.819149560117302,7.6,1.138808047576867
2013-07-31,0.05038621423071721,-0.013434625626514318,0.023335401840361314,0.019030486062704632,0.029353836603939865,0.0696354894685312,0.13746304008030497,0.07532684412419952,0.2050389137622317,0.06651736192859914,-0.0012229528285589986,0.02823284793871328,0.07126603204008952,2.2063333333333333,7.5,1.3903888279197085
2013-08-31,-0.03045145775565583,0.05038621423071721,-0.013434625626514318,0.023335401840361314,0.062141327220386344,0.11096739134516415,0.13798995630172373,0.07574841053067187,0.25249527714369213,0.07481820389929944,0.029306092037471698,0.05824216661034054,0.10657368486701291,2.489692082111437,7.5,1.7157935271568725
2013-09-30,0.031156129362760687,-0.03045145775565583,0.05038621423071721,-0.013434625626514318,0.00652130254714911,0.14763062953174863,0.08995250462942517,0.10627114467244898,0.1852368497049186,0.08901604203258401,-0.0037136483033379797,0.012211097410284921,0.05630477817613655,2.6543695014662756,7.3,1.885471805415806
2013-10-31,0.045266381155095736,0.031156129362760687,-0.03045145775565583,0.05038621423071721,0.05241853887736858,0.14628752624033617,0.08331106070653216,0.1034218364629369,0.19251390660615364,0.09003628744116902,0.010570636939903899,0.03045207243519421,0.06967951744574874,2.7295,7.2,1.538809488600279
2013-11-30,0.02920694689763348,0.045266381155095736,0.031156129362760687,-0.03045145775565583,0.04704410148365912,0.13948322569765073,0.11210881160813058,0.11309160581528213,0.2708627376358188,0.0869989083477116,0.0408832734425395,0.05898567487385176,0.09451557779657227,2.5288123167155425,7.2,1.0947341081747997
2013-12-31,0.02559627272306564,0.02920694689763348,0.045266381155095736,0.031156129362760687,0.11140997547304554,0.030357995539732233,0.11865781617702487,0.11409300426362062,0.30116407155240754,0.0859492236036621,0.034679816912256634,0.06975075159662003,0.10395128989100111,2.6340877192982455,7.2,0.8767991434911471
2014-01-31,-0.03588462178116281,0.02559627272306564,0.02920694689763348,0.045266381155095736,0.10524784150586552,0.03627273252437594,0.1631833184549687,0.10022906958617772,0.32307803358048615,0.08479921396940418,0.026904925947461633,0.07002773805747187,0.10805632091035311,2.8167434715821815,6.9,1.2328701961954458
2014-02-28,0.04451019965781633,-0.03588462178116281,0.02559627272306564,0.02920694689763348,0.019098688405922104,0.12672686905389408,0.06704127052515418,0.12041113720676731,0.21428224881705593,0.0978530029595648,-0.015385488543917858,0.021271166127007524,0.05387000381065521,2.786482334869431,6.7,1.5128383667573297
2014-03-31,0.008261280076557576,0.04451019965781633,-0.03588462178116281,0.02559627272306564,0.0348141554053949,0.14560882071727996,0.1501027750782702,0.10435053018556842,0.2535574002778129,0.10171192958590634,0.01768141395341183,0.0435183321207695,0.08321016728206065,2.6430451127819548,6.6,1.557758795574915
2014-04-30,0.006927495428461938,0.008261280076557576,0.04451019965781633,-0.03588462178116281,0.01703024693164612,0.13947166117778464,0.12407048516737951,0.10523768165436516,0.21771798959557986,0.10009966523753776,0.020279930103918264,0.03219583911752122,0.07537063969058688,2.645268817204301,6.7,1.1204746347724948
2014-05-31,0.022941442566191128,0.006927495428461938,0.008261280076557576,0.04451019965781633,0.061516955476679236,0.07386775764143905,0.08179053704693118,0.09628953034220875,0.20306878856418398,0.10048560294441633,0.007379918708647182,0.02593430298487487,0.06434562227688456,2.614904761904762,6.7,1.6126949139408042
2014-06-30,0.02043468780171498,0.022941442566191128,0.006927495428461938,0.008261280076557576,0.038866503263282226,0.030780924454587782,0.07503376315334931,0.09415873685908964,0.2025949218056946,0.10045245723451358,0.017676207383552356,0.037078567165199416,0.0730170495116047,2.471950844854071,6.2,2.015125303606169
2014-07-31,-0.013528749308052035,0.02043468780171498,0.022941442566191128,0.006927495428461938,0.051590337862382984,0.029838718745524902,0.06949918098711261,0.09264852676896428,0.24402360642546084,0.09544110077750409,0.021337843420251135,0.04649202318487067,0.074000902018178,2.502904761904762,6.3,2.166947687079812
2014-08-31,0.03870466635617209,-0.013528749308052035,0.02043468780171498,0.022941442566191128,0.030297279075017114,0.07056732636429455,0.0936780309196188,0.06731214107326669,0.16699959565791866,0.09330145893264002,-0.002241142540079233,0.01743403648819264,0.04380880015539734,2.4513049853372437,6.1,2.0589816945944195
2014-09-30,-0.013892397602841555,0.03870466635617209,-0.013528749308052035,0.02043468780171498,0.046666764632350866,0.09182196783603618,0.08734704185550335,0.061431898143941156,0.25056085031116226,0.08337371661020507,0.021390246693534953,0.04281981078601538,0.069126171019813,2.331935483870968,6.2,1.9742378703305974
2014-10-31,0.02327821983783096,-0.013892397602841555,0.03870466635617209,-0.013528749308052035,0.011347418459916714,0.1048323718051107,0.06352317347451275,0.07321951656303075,0.19547500959424657,0.0880320691073889,0.003518210830579349,0.018010445808069653,0.0435015520952966,2.445952380952381,6.1,1.7150983482969062
2014-11-30,0.027100946128428838,0.02327821983783096,-0.013892397602841555,0.03870466635617209,0.049265597594490895,0.09365982265851922,0.08105549022862579,0.07505923235160071,0.16947559935195877,0.08231219509245376,0.010901318927151848,0.028592561668953076,0.05715346503392649,2.215058651026393,5.9,1.6840509711232077
2014-12-31,-0.0025397732094250003,0.027100946128428838,0.02327821983783096,-0.013892397602841555,0.03716058059507921,0.07844389418538242,0.08556150929566209,0.07659755271411844,0.16701527447254527,0.0818869703277746,0.025945544349110783,0.04237813727846795,0.06856633811305413,2.2335555555555553,5.7,1.6095417021513292
2015-01-31,-0.03007703467922962,-0.0025397732094250003,0.027100946128428838,0.02327821983783096,0.04900216444869909,0.05585256026622957,0.06090563097405677,0.0786019504596376,0.13463770343136972,0.08195074260757769,0.007292461821694962,0.029492326477530417,0.05339023357476891,2.084692082111437,5.8,1.231524989320798
2015-02-28,0.054681835952247404,-0.03007703467922962,-0.0025397732094250003,0.027100946128428838,-0.00550067732598869,0.09905750351551125,0.04349392611286307,0.09264597601870564,0.14124638238769816,0.07849571465065193,-0.02078817241654407,-0.007895755463458776,0.014270341996128755,1.766661290322581,5.6,0.6531213919623191
2015-03-31,-0.01583004165102242,0.054681835952247404,-0.03007703467922962,-0.0025397732094250003,0.022310261165664036,0.14977769844026198,0.060299904018887185,0.10732155436501117,0.1529139641146109,0.08371676152369402,0.02652479756711479,0.037559813346647264,0.05775194437305187,1.864548872180451,5.7,-0.22993097820542818
2015-04-30,0.009785387192239092,-0.01583004165102242,0.054681835952247404,-0.03007703467922962,0.008813370676819421,0.15721938712644662,0.05824740936477135,0.10837617771201911,0.1254706431288033,0.08819255697515183,0.007438503736903135,0.01178546586056628,0.03205521565465985,1.929824046920821,5.5,-0.08703146293520536
2015-05-31,0.012774629929568349,0.009785387192239092,-0.01583004165102242,0.054681835952247404,0.049839380476549566,0.12364276112431932,0.04406455280043242,0.10589140375839202,0.1286917169580024,0.08813552627209435,0.0012264041669654002,0.014443947525365264,0.034148167132356466,1.8103333333333333,5.4,-0.022031284423873476
2015-06-30,-0.020521592517073195,0.012774629929568349,0.009785387192239092,-0.01583004165102242,0.006752672644274815,0.05446674220476786,0.029213587700198884,0.10126233020128832,0.11727465565143103,0.08709835903438992,0.011804665521599977,0.02251601676086934,0.03671910287684277,2.0742741935483875,5.4,-0.10403098939391064
2015-07-31,0.022338022746549058,-0.020521592517073195,0.012774629929568349,0.009785387192239092,0.002040503604557209,0.06381358821535696,0.010871857996010759,0.10739737043112256,0.07243964634117495,0.09090261461133776,-0.00941408480673167,-4.932667897816767e-05,0.011165275961821708,2.2346363636363638,5.6,0.03503321824429584
2015-08-31,-0.06288653666726329,0.022338022746549058,-0.020521592517073195,0.012774629929568349,0.014698029308542582,0.07793642963253872,0.06526995046005601,0.09491208104394545,0.1116027229756189,0.08963789367528238,0.008032391206423295,0.01197196819892743,0.025755363134776887,2.1942228739002934,5.3,0.1795718097550525
2015-09-30,-0.02584708600567076,-0.06288653666726329,0.022338022746549058,-0.020521592517073195,-0.05924271567794093,0.14761409580844828,-0.052890089699197174,0.10835755330304485,0.004220546987278029,0.10830972600348791,-0.0342169947682075,-0.04122771750935883,-0.03628285565035594,2.029078341013825,5.2,0.22568611104094582
2015-10-31,0.08163498616997344,-0.02584708600567076,-0.06288653666726329,0.022338022746549058,-0.06423939576712656,0.14803344985545816,-0.0623299728811868,0.11075972558751383,-0.007713122962521024,0.11065902816722438,-0.03814509491174123,-0.05591940579901855,-0.05556510205819509,2.036857142857143,5.1,0.2413037985344868
2015-11-30,0.0036484058630552596,0.08163498616997344,-0.02584708600567076,-0.06288653666726329,-0.0070735006946823775,0.26004148633507257,0.0075205620933358475,0.17223948980476128,0.051916505099218746,0.13673683231479014,0.0462629568945907,0.023079964119692153,0.02207474307673718,1.9464516129032257,5.0,0.008842961634170088
2015-12-31,-0.017433959210483074,0.0036484058630552596,0.08163498616997344,-0.02584708600567076,0.06123816435220375,0.19237612423435435,-0.001632466485093742,0.1712545355919045,0.027533431012275233,0.13444728250490126,0.029297137034992815,0.027106809249934694,0.01974058602398432,2.1454912280701754,5.0,0.12761656067050708
2016-01-31,-0.051068157957558924,-0.017433959210483074,0.0036484058630552596,0.08163498616997344,0.07020415872766739,0.18078179534376365,0.001454890223536065,0.17043202588901454,0.012342565579456899,0.1358454839407616,-0.010380393820752842,0.009108837991116392,0.003364779367760473,2.00208211143695,5.1,0.4363182169185187
2016-02-29,-0.00082645258504499,-0.051068157957558924,-0.017433959210483074,0.0036484058630552596,-0.06279544421894934,0.09559945396064869,-0.06942476129532604,0.1789932723633104,-0.00868616156571711,0.14254449549780782,-0.039476710642354584,-0.029560589040572682,-0.04213902417091986,1.7423599320882852,5.0,0.6387247515364791
2016-03-31,0.06510023881908467,-0.00082645258504499,-0.051068157957558924,-0.017433959210483074,-0.06697993246405853,0.08867127562418696,-0.009843496224388293,0.15678209276700658,-0.06221296252532382,0.12918821109789624,-0.017711167907977998,-0.02880196740308061,-0.03741065946435307,1.4043275862068967,4.8,1.2375025026943876
2016-04-30,0.003933750230764588,0.06510023881908467,-0.00082645258504499,-0.051068157957558924,0.013293207674609286,0.20181998913828894,0.08443060486386478,0.17481339870703505,0.016838074671170933,0.14625069522740558,0.04357925778911809,0.02277021994384021,0.027959771735055927,1.52683284457478,4.9,0.8472775790126619
2016-05-31,0.01686798304466386,0.003933750230764588,0.06510023881908467,-0.00082645258504499,0.07058747136359722,0.1273603352427126,0.0033594555240785695,0.13124817141395,0.010905282611282763,0.14600116741004754,0.02411135880060078,0.026213455519659146,0.030053226047930037,1.4399047619047618,5.0,0.8916160965521946
2016-06-30,0.003470067657525888,0.01686798304466386,0.003933750230764588,0.06510023881908467,0.089699502109438,0.11166901272777853,0.016711503052029508,0.13331029164579422,0.015051755598287864,0.14642101542205288,0.012594442023076802,0.040694969902825395,0.04614671783837965,1.4410291858678954,5.1,1.1726257503534843
2016-07-31,0.035821872229140794,0.003470067657525888,0.01686798304466386,0.003933750230764588,0.02456875879317466,0.02634439282784024,0.038188564080729126,0.12891515849815252,0.03969901447279711,0.1444829864748252,0.007927918009476675,0.03766905159082712,0.04143023405365942,1.2664242424242427,4.8,1.0784764621246223
2016-08-31,0.0011968314875581143,0.035821872229140794,0.003470067657525888,0.01686798304466386,0.05776683138329597,0.05630973825153691,0.13243191730292736,0.08840042218664941,0.0538131017609631,0.14703357615035006,0.025191653559890614,0.05343141773782922,0.06428956656230933,1.1123870967741936,4.9,1.0792865347959424
2016-09-30,5.801177657094314e-05,0.0011968314875581143,0.035821872229140794,0.003470067657525888,0.041319617048579005,0.06709247808928613,0.13472546823462705,0.08725532148681651,0.1235558023723422,0.127758165279284,0.01267121888269962,0.03313095122165488,0.05891765487573264,1.1597475455820478,4.8,0.8683633430518256
2016-10-31,-0.01748915520497807,5.801177657094314e-05,0.0011968314875581143,0.035821872229140794,0.03777263102374162,0.07041653316034922,0.06326941647752227,0.04823476344997274,0.15304189644396793,0.12240763930625764,0.00043754682064234274,0.022711569378073504,0.052789323460516124,1.2341428571428572,4.9,1.0553158595656864
2016-11-30,0.036176296858472234,-0.01748915520497807,5.801177657094314e-05,0.0011968314875581143,-0.01610324571390853,0.03628680416035936,0.04073335218950813,0.062380907402368346,0.044229649598614085,0.098592271529165,-0.011606031137998851,-0.001564704538840389,0.028634389751031497,1.3680483870967741,5.0,1.5486446201652182
2016-12-31,0.020068710834795667,0.036176296858472234,-0.01748915520497807,5.801177657094314e-05,0.018921946763586606,0.09478833611273423,0.06102341140625045,0.07472352829058211,0.07875470738424073,0.10383383485655667,0.018344932062624553,0.025044562553306893,0.051458343176350896,1.7353333333333336,4.9,1.685924966243646
2017-01-31,0.01773650987502773,0.020068710834795667,0.036176296858472234,-0.01748915520497807,0.039516657260626475,0.0953942175831031,0.0787819363983655,0.07499697164996194,0.11997906950564752,0.10121508866431389,0.02548717618005325,0.032678548668941376,0.055529617848890656,1.9519047619047618,4.7,1.6843334719788938
2017-02-28,0.03853934670094894,0.01773650987502773,0.020068710834795667,0.036176296858472234,0.07678690367189622,0.03478273229123001,0.059447139580548924,0.06531605167441971,0.1997517555563031,0.07677734304631761,0.018564930789183753,0.04092541006019257,0.06173718104738768,1.7828225806451614,4.7,2.0507989115119862
2017-03-31,0.0012492115425422057,0.03853934670094894,0.01773650987502773,0.020068710834795667,0.07933441355597193,0.03948066794325213,0.09975752186938491,0.07446138407305324,0.2479228689477908,0.07791002867338526,0.03182414504536535,0.0644163680263532,0.08650260224593032,1.7621616541353382,4.7,2.5103933482571117
2017-04-30,0.009877368740222714,0.0012492115425422057,0.03853934670094894,0.01773650987502773,0.05921182276943404,0.06473242165163484,0.10106833333621745,0.0738718528711754,0.1707322842882779,0.06040656806575758,0.013601114662666225,0.04864932808273137,0.07293458062161884,1.6956100981767182,4.6,2.8103616813294208
2017-05-31,0.014014046114559697,0.009877368740222714,0.0012492115425422057,0.03853934670094894,0.05091995372683189,0.06762408235800735,0.13161684298052756,0.05049397162387963,0.1777113903892329,0.059707194106195925,0.007013397364951546,0.03775386110106105,0.06813914731769666,1.4013684210526316,4.4,2.44119623655914
2017-06-30,0.006354781466420434,0.014014046114559697,0.009877368740222714,0.0012492115425422057,0.02545931703463089,0.022560948472003985,0.10681353057708076,0.043310798249445163,0.17435506800349043,0.05960653133707914,0.012666630277163415,0.034881881451632735,0.06996099952058588,1.396217008797654,4.4,2.176223471915395
2017-07-31,0.020345894830610334,0.006354781466420434,0.014014046114559697,0.009877368740222714,0.030708259300785468,0.013280440937795682,0.09173837407749552,0.04521412775193917,0.1777476372277238,0.059150691994945305,0.008911180045145128,0.026506792404449975,0.06317021685329904,1.146818181818182,4.4,1.8563431667619756
2017-08-31,0.0029133400071188476,0.020345894830610334,0.006354781466420434,0.014014046114559697,0.04155493087998119,0.024269647557506838,0.09459085976434323,0.04579151174888257,0.15966115538834713,0.05467273495750359,0.015739795007682522,0.03203412959317986,0.06917662944401459,1.1673548387096777,4.3,1.640565809959127
2017-09-30,0.01994894658122881,0.0029133400071188476,0.020345894830610334,0.006354781466420434,0.03005687205453733,0.031984019139609327,0.05628141652387386,0.024915738749134133,0.16165343303297908,0.05431672880259239,0.008708491161706577,0.02561805856724142,0.05487276523364315,1.0520336605890603,4.3,1.7251073506566073
2017-10-31,0.023290989850614174,0.01994894658122881,0.0029133400071188476,0.020345894830610334,0.04415524594631082,0.034475017822608284,0.07621943598910552,0.02476214871973616,0.18499114068856826,0.05297694553331474,0.014320243432077273,0.03351964789266093,0.060133817656020216,1.0486666666666669,4.4,1.92812155729698
2017-11-30,0.030108050675753617,0.023290989850614174,0.01994894658122881,0.0029133400071188476,0.04723491509441402,0.037858414063624085,0.09075268960626537,0.02864858235855316,0.2343141150847614,0.04068128878986294,0.02226502371708028,0.042579717380073046,0.06853915835002877,1.206129032258065,4.3,2.1805652303711787
2017-12-31,0.012055024163478478,0.030108050675753617,0.023290989850614174,0.01994894658122881,0.07610494241316368,0.017935939758567453,0.10844929098453138,0.036096180504771286,0.22684667322025098,0.038014325561426705,0.027980840830007736,0.05594645324354808,0.08289567207054871,1.1963333333333335,4.2,2.020757753132485
2018-01-31,0.05482801796503445,0.012055024163478478,0.030108050675753617,0.023290989850614174,0.06764369364288791,0.03157945564663983,0.11478576351871728,0.032745492485587724,0.2170543969086638,0.03816156591931919,0.018077398918081355,0.049504010663095954,0.08054081980782146,1.1008870967741933,4.2,2.172493864295566
2018-02-28,-0.0370377491300955,0.05482801796503445,0.012055024163478478,0.030108050675753617,0.10185055917870134,0.0743843740013178,0.15389637678823997,0.06180866665370851,0.26304442714760023,0.054246809073292705,0.04096093615167917,0.08198872046434591,0.11894414007229015,1.1692933947772657,4.1,2.129930719552253
2018-03-31,-0.02779323038614301,-0.0370377491300955,0.05482801796503445,0.012055024163478478,0.030295127753247053,0.1592416311922159,0.10870567911947093,0.10501824495684062,0.17110520524837836,0.07421983969615914,-0.0066551579089200175,0.025180186444102137,0.06261333422679916,1.4414473684210525,4.0,2.151318868063945
2018-04-30,0.005154907137248088,-0.02779323038614301,-0.0370377491300955,0.05482801796503445,-0.00995309832976754,0.1752201527786738,0.057017330978903935,0.12229983935862289,0.13758259577682574,0.08430258891646017,-0.03074531850561757,-0.011779010627338327,0.022947461817504955,1.3362519201228877,4.1,2.263468931091861
2018-05-31,0.024018439219290144,0.005154907137248088,-0.02779323038614301,-0.0370377491300955,-0.05793035345624653,0.07682787431605537,0.03801996682951625,0.11996692546539552,0.13222307068430128,0.08448750313975378,-0.005883470361575882,-0.012658748074344972,0.01791351471584579,1.1767142857142858,4.0,2.3309497646499366
2018-06-30,0.0057342933251280925,0.024018439219290144,0.005154907137248088,-0.02779323038614301,0.0013810687687150214,0.09083899731033024,0.03171803617674618,0.11733692827126588,0.14360712569606737,0.08554668257640828,0.01780625045197448,0.006129032779957688,0.03169549747292111,1.277727272727273,4.0,2.4709963021052994
2018-07-31,0.03637657679266759,0.0057342933251280925,0.024018439219290144,0.005154907137248088,0.0355240630506497,0.03716123038985497,0.02521739022826619,0.11679044667603172,0.1428977511382843,0.08558712135394304,0.011815427719139127,0.007734594194662048,0.026504163247195622,1.092714285714286,3.8,2.781921607842497
2018-08-31,0.031420981430909656,0.03637657679266759,0.0057342933251280925,0.024018439219290144,0.06836485778589108,0.05340380307555949,0.006474103954121846,0.09915943227668125,0.16136682188385154,0.08890699280203236,0.026328550967116504,0.04389785768060683,0.05121194705530985,0.9790476190476192,4.0,2.8075506935940187
2018-09-30,0.005927903971850057,0.031420981430909656,0.03637657679266759,0.0057342933251280925,0.07630281803756178,0.05697917878204666,0.0777892662452333,0.08174160065470935,0.19495108038009756,0.09012740371208053,0.03322964565311182,0.06343884314915571,0.07012066836960762,0.9742917251051895,3.8,2.854124785561929
2018-10-31,-0.07160792637437385,0.005927903971850057,0.031420981430909656,0.03637657679266759,0.0765112218961832,0.056596406251144225,0.11475327441755523,0.049359633666964116,0.1783135308248378,0.09035105558784993,0.014394387266308817,0.05048137791054086,0.06447649814630241,1.0495438596491224,3.8,2.6429238568742575
2018-11-30,0.018379263439524784,-0.07160792637437385,0.005927903971850057,0.031420981430909656,-0.03367884455744008,0.18588522173299116,0.03238356380988838,0.13781596818853561,0.07163475266127817,0.12319834960221634,-0.0452303187077725,-0.027085187499967245,-0.011694222043384106,0.9645307917888557,3.7,2.332055105808828
2018-12-31,-0.09216829340943011,0.018379263439524784,-0.07160792637437385,0.005927903971850057,-0.0461995095988218,0.16890551009765373,0.026578155664396474,0.13620017315568764,0.059139198744017074,0.12121249287362043,-0.012007203863170224,-0.013257711343951484,0.00759870369661253,0.9193333333333329,3.8,2.492032470218053
2019-01-31,0.07702194319210243,-0.09216829340943011,0.018379263439524784,-0.07160792637437385,-0.135321014832811,0.20367221385594936,-0.06916336912971766,0.19256184274587568,-0.045690098570297266,0.1546042794993063,-0.05456097241966229,-0.08999799807591702,-0.07545334853494745,0.5584380305602714,3.8,2.147328577667773
2019-02-28,0.0319014529408328,0.07702194319210243,-0.09216829340943011,0.018379263439524784,0.003238144722291336,0.29760733315937915,-0.030549756807905393,0.2231852029487903,-0.02427343515513114,0.16504154901184218,0.02001570897548066,-0.012038056873466041,-0.005347943135659228,0.3138095238095242,3.9,2.0023809043401064
2019-03-31,0.01793881735861902,0.0319014529408328,0.07702194319210243,-0.09216829340943011,0.016896256704994617,0.30349463508014785,-0.030083851667653705,0.22337521642311278,0.04536521383052228,0.16348816842293398,0.0469738266507973,0.025394196829706006,0.020105438058997338,0.2763157894736845,4.0,1.4875893578291333
2019-04-30,0.04003987828768807,0.01793881735861902,0.0319014529408328,0.07702194319210243,0.13526058341249714,0.10697317038558644,-0.018364030834571055,0.22543352495937632,0.09428191091321203,0.16024268492450636,0.022633433920634882,0.047363677935112536,0.03223358209708693,0.16579109062980013,3.8,1.5188615351321877
2019-05-31,-0.06589557094376097,0.04003987828768807,0.01793881735861902,0.0319014529408328,0.09404315322963619,0.0387206935299063,0.09758582329222554,0.1975623043539049,0.1331295638376382,0.16344896498341624,0.03290804514932644,0.0728203919210415,0.06401836571674857,0.1087142857142851,3.8,1.8831863513063984
2019-06-30,0.06727227692111004,-0.06589557094376097,0.04003987828768807,0.01793881735861902,-0.007885619377677733,0.19359225687043152,0.00887739987803382,0.22820662737272632,0.03569150045828362,0.17925255709621005,-0.03047790300942066,0.002927843688291132,-0.0031338209245537207,0.004032258064516014,3.7,2.000583470209061
2019-07-31,0.01500634282838309,0.06727227692111004,-0.06589557094376097,0.04003987828768807,0.04228621515448361,0.24371129905755273,0.1832664566990827,0.17679299988922523,0.101427761975591,0.19051492020862887,0.02264656086701322,0.04381423724218836,0.06301599051816043,-0.303666666666667,3.6,1.7959105553606136
2019-08-31,-0.016885557866292977,0.01500634282838309,0.06727227692111004,-0.06589557094376097,0.01651798684147443,0.23242428110480254,0.11211454363868856,0.15610530065414097,0.07813971478799187,0.18823362112402375,0.032303885092071605,0.04106180909534274,0.07477627679970622,-0.34381231671554247,3.6,1.671194894390049
2019-09-30,0.019271417192490148,-0.016885557866292977,0.01500634282838309,0.06727227692111004,0.06757856636757031,0.14718262365244195,0.05916004813742881,0.16064250186651713,0.0272964343569575,0.18738883938930637,-0.006263819444454977,0.013968123224692208,0.04699378424899714,-0.4994428152492669,3.7,1.826331335037068
2019-10-31,0.02186357919654469,0.019271417192490148,-0.016885557866292977,0.01500634282838309,0.017544327152339667,0.06844868201290526,0.060572425499527904,0.16081988719485277,0.04109604077535889,0.1881485324720331,0.007208228710278819,0.02362616357734071,0.0572928510746471,-0.34350000000000014,3.6,1.7376412106666406
2019-11-30,0.035558722748218585,0.02186357919654469,0.019271417192490148,-0.016885557866292977,0.024545847222479544,0.07504054600509394,0.04146928204538769,0.15454968143481465,0.14310191936734995,0.16984927846984055,0.021077329523131683,0.039038396296338096,0.05921115095586438,-0.12285923753665684,3.5,1.6844977040391562
2019-12-31,0.028641381272077382,0.035558722748218585,0.02186357919654469,0.019271417192490148,0.07971133082674431,0.03031674728666919,0.15267667465483736,0.09530904411572631,0.16290944642583072,0.17150816846977915,0.03118959742600258,0.051654535976353166,0.07942500686130782,0.2587719298245612,3.6,1.7339736996186295
2020-01-31,-0.00040409560386400756,0.028641381272077382,0.035558722748218585,0.02186357919654469,0.08987573288777817,0.023721094872437645,0.10899686930095753,0.06313060976273031,0.31223879602811966,0.12806539645620135,0.031075865368400235,0.06336029060263604,0.09255413110080424,0.31188940092165884,3.6,2.092290394862917
2020-02-29,-0.08247514117976351,-0.00040409560386400756,0.028641381272077382,0.035558722748218585,0.06587494706476482,0.06610315641288665,0.09203775067368491,0.06801365163802234,0.21447106472668498,0.11493298242449557,0.009230476567624324,0.047293781716840844,0.07630094716918268,0.20697388632872538,3.6,2.3195274699624457
2020-03-31,-0.13338418565771093,-0.08247514117976351,-0.00040409560386400756,0.028641381272077382,-0.05279321864807551,0.1996305478160228,0.02270989446160354,0.15220320368163648,0.08321346104857685,0.149570769538784,-0.05433843217447665,-0.039045697311846816,-0.011033471855360744,-0.07889292196007247,3.6,2.599767976845202
2020-04-30,0.11954465139379877,-0.13338418565771093,-0.08247514117976351,-0.00040409560386400756,-0.19447691893372354,0.2324267268723984,-0.12207994166487068,0.24164979000381143,-0.06890219433682487,0.20382981055893826,-0.11337475604147107,-0.14232507762491908,-0.13102312839537733,0.21774193548387089,3.5,2.3413166797595197
2020-05-31,0.04654492158252044,0.11954465139379877,-0.13338418565771093,-0.08247514117976351,-0.09182181027498937,0.46341498468079756,-0.03199562010148038,0.3128951942108422,0.008146826549702002,0.23631568338343734,0.034033442350232646,-0.028240044006770715,-0.021320891421356847,0.6086190476190476,4.4,1.4940399642909163
2020-06-30,0.017578757531009792,0.04654492158252044,0.11954465139379877,-0.13338418565771093,0.03324608699553422,0.4509466504965204,-0.021302299592489526,0.31671082374253023,0.1281220107980654,0.22837749004320634,0.07085793948892904,0.02183340448272153,0.02137582580603259,0.624,14.8,0.3130472940411133
2020-07-31,0.0572236438663527,0.017578757531009792,0.04654492158252044,0.11954465139379877,0.20161721722443016,0.18201671749384019,-0.032069596919091836,0.31438681640834926,0.07343178671794104,0.22004805044017076,0.027234083954568167,0.04596136824783237,0.031963190432726885,0.650969696969697,13.2,0.1982013035848551
2020-08-31,0.0674683119380175,0.0572236438663527,0.017578757531009792,0.04654492158252044,0.12901697781780563,0.07106040785158083,0.025348595083377168,0.32691269485810664,0.11971937343127403,0.22592425263816307,0.04445562954248605,0.10252935170717636,0.08036760587265346,0.5310557184750733,11.0,0.7166562831830481
2020-09-30,-0.03816218938278748,0.0674683119380175,0.0572236438663527,0.017578757531009792,0.1528887086433217,0.09127582237778668,0.19121774694704685,0.299124534607199,0.2182701762610033,0.23090118602352988,0.06476385952196573,0.1434011259834489,0.13676274296699797,0.5548387096774193,10.2,0.9968647625897997
2020-10-31,-0.025249807530137502,-0.03816218938278748,0.0674683119380175,0.0572236438663527,0.09038382405931644,0.20179798422093292,0.31022397637268817,0.18252497091138498,0.15027190976919558,0.23719350697685507,-0.0033285024741439573,0.05477808248798777,0.08479091030473751,0.5895238095238096,8.4,1.2810698495523853
2020-11-30,0.1032573451455141,-0.025249807530137502,-0.03816218938278748,0.0674683119380175,0.0040645530057332735,0.1996055214271604,0.13360592716851882,0.1531654351285461,0.09733550257804846,0.2396502602882484,-0.029451928695760854,0.008112064023580556,0.05458876777208155,0.6971428571428572,7.8,1.3910228912373812
2020-12-31,0.036378482661215905,0.1032573451455141,-0.025249807530137502,-0.03816218938278748,0.04064982341260137,0.27085162964292225,0.19975343106405474,0.19202378649261956,0.174195924038411,0.25714642555749456,0.0612510600955245,0.08414396639596111,0.1525966110502559,0.7836666666666667,6.9,1.2303863428671624
2021-01-31,-0.010242642901135746,0.036378482661215905,0.1032573451455141,-0.025249807530137502,0.1211848414427017,0.2226428381417492,0.2225218148896313,0.19085935207925195,0.18331603306132438,0.25776295373092845,0.058593072918986744,0.08722697273785673,0.1643821893064994,0.8436363636363636,6.7,1.1757452138405844
2021-02-28,0.027425888233931772,-0.010242642901135746,0.036378482661215905,0.1032573451455141,0.13813753470156787,0.1976287371941838,0.14276355503917704,0.1945341233826272,0.1717310056719057,0.2585503977566447,0.005194165451626764,0.05256306558923485,0.11248047970503361,0.9958913412563666,6.7,1.3204191315779434
2021-03-31,0.04439872169571135,0.027425888233931772,-0.010242642901135746,0.036378482661215905,0.05502211415637848,0.08570410181028153,0.0979085767932244,0.17988211408708013,0.3078481812014635,0.23660838696579126,0.014915766624509885,0.06471043488364825,0.11214456138191542,1.1821804511278196,6.4,1.3738437137002402
2021-04-30,0.051558554394686595,0.04439872169571135,0.027425888233931772,-0.010242642901135746,0.06351766633910128,0.09687800615826518,0.1923998861059173,0.15715400025763326,0.5623109202000356,0.16485338874163494,0.03904502934113441,0.08069912915020105,0.1305277515861123,1.5411921458625526,6.2,1.6698167791706853
2021-05-31,0.006544670332039537,0.051558554394686595,0.04439872169571135,0.027425888233931772,0.13131781853848157,0.0429354365536223,0.28759527295534304,0.12796357266723216,0.45962563321634375,0.13993356859082323,0.04959296443119143,0.09163889899344513,0.15334288254438722,1.566,6.1,2.6678187820641908
2021-06-30,0.02217942211929369,0.006544670332039537,0.051558554394686595,0.04439872169571135,0.10793945842592678,0.08379071747307397,0.168900629785794,0.08188094376979665,0.4023925411584408,0.14095996998963664,0.021440289128163315,0.07047964310638477,0.13052644288352822,1.5629354838709677,6.1,4.133077115360573
2021-07-31,0.024119283613290854,0.02217942211929369,0.006544670332039537,0.051558554394686595,0.08359329862353815,0.0791685371231465,0.15242061621279412,0.08000680164350255,0.40885934324869244,0.140657205464052,0.01703559869278104,0.06870356535166477,0.1302812739626138,1.4410909090909092,5.8,4.918257089467626
2021-08-31,0.029325708367342607,0.024119283613290854,0.02217942211929369,0.006544670332039537,0.05426450913122194,0.033378902260274464,0.19270822463287707,0.05633281301648297,0.36298349090593174,0.13715102163917203,0.0235672992538134,0.0634416352795113,0.12599779535873656,1.2205069124423964,5.9,5.295632620349999
2021-09-30,-0.04772656035532297,0.029325708367342607,0.024119283613290854,0.02217942211929369,0.07855740712000059,0.012801509948014076,0.19497630952580525,0.056239362497628266,0.31197473929309627,0.12960764618454199,0.027728737148995153,0.06342118575152011,0.12246361655570426,1.1909237536656891,5.4,5.245169381309234
2021-10-31,0.0678115541201505,-0.04772656035532297,0.029325708367342607,0.024119283613290854,0.005734813065933597,0.14917093731415562,0.08980750363064227,0.11675521059187541,0.299486343206552,0.13475224392523663,-0.021990542822897474,-6.407153401599697e-05,0.051247081101283065,1.2954285714285716,5.1,5.152015301793966
2021-11-30,-0.008067370312345723,0.0678115541201505,-0.04772656035532297,0.029325708367342607,0.050651767063063735,0.20380023716947143,0.10766486947059195,0.13062996752163752,0.42622404994903107,0.13137430072447814,0.02931774377415941,0.05186051107822953,0.1010044760032558,1.5034677419354838,4.7,5.351215590949132
2021-12-31,0.0452102330835471,-0.008067370312345723,0.0678115541201505,-0.04772656035532297,0.01209012523113695,0.20336921312944625,0.09159730124105159,0.1350092431240277,0.27596877289313837,0.10843575550818191,0.016912791102762226,0.02840215526522316,0.06932280824383175,1.4798333333333333,4.5,6.235042390298062
2022-01-31,-0.05418277786989023,0.0452102330835471,-0.008067370312345723,0.0678115541201505,0.11065998186718806,0.13495876340010038,0.11702940924300953,0.14186418452786437,0.2872877201276425,0.11020872842476274,0.02763129541856313,0.056121255323163144,0.09312986861472927,1.3853225806451612,4.1,6.901970403700863
2022-02-28,-0.029961518365354323,-0.05418277786989023,0.0452102330835471,-0.008067370312345723,-0.016895556859119032,0.17230266663170715,0.03290042039351593,0.1739407141862905,0.23194882663010286,0.13067595840071702,-0.021108317017465184,-0.004864823644134764,0.021949846214776025,1.6846451612903226,3.9,7.174340285065539
2022-03-31,0.03690108612510379,-0.029961518365354323,-0.05418277786989023,0.0452102330835471,-0.03818587395228634,0.1795351344682795,-0.026557420719293012,0.17457144752249004,0.16324082092414027,0.13824643044673163,-0.03790670882861469,-0.029978683543152695,-0.013474570209342174,1.8542105263157893,4.0,7.558805726967832
2022-04-30,-0.09186206037906341,0.03690108612510379,-0.029961518365354323,-0.05418277786989023,-0.04614461789528168,0.16342305572649216,0.05940900139234628,0.165027368186436,0.1545518791312246,0.1365581375008519,0.01459120253970747,-0.0028948361500181763,0.015084211251265023,1.926858345021038,3.9,7.937278766517819
2022-05-31,0.0022545908869453513,-0.09186206037906341,0.03690108612510379,-0.029961518365354323,-0.08141652135824706,0.22307950546158214,-0.09693650075148608,0.18336926570854212,0.00029171301876118605,0.16380330588998254,-0.04843859379322746,-0.07536331290491849,-0.07152916427589029,2.4175,3.7,8.572204966013853
2022-06-30,-0.08605947543498793,0.0022545908869453513,-0.09186206037906341,0.03690108612510379,-0.051341486487379906,0.23081712057587442,-0.08756684090813616,0.18514759999912941,-0.003990425972474232,0.16367313787116144,-0.029595029108421822,-0.059332723123038944,-0.06494504221335784,2.132611367127496,3.7,8.231750770777225
2022-07-31,0.08809084211704032,-0.08605947543498793,0.0022545908869453513,-0.09186206037906341,-0.16110266417205543,0.1827073526045165,-0.19981326118720566,0.17502197290977306,-0.10616787985985399,0.1821758165581646,-0.0557984849699209,-0.10474234957209927,-0.1285777217942492,1.9383333333333337,3.6,8.538171195642065
2022-08-31,-0.04165768633806444,0.08809084211704032,-0.08605947543498793,0.0022545908869453513,0.0042951554209798015,0.30164737505578626,-0.07747106255033653,0.24389649626022147,-0.04711947268305894,0.20482254393472082,0.029636937120905982,-0.008735991684645672,-0.04557725014105651,1.2201935483870965,3.6,8.979361103105798
2022-09-30,-0.09700204212117658,-0.04165768633806444,0.08809084211704032,-0.08605947543498793,-0.0388514656303206,0.3134789709525827,-0.08819826012002652,0.2463466634213759,-0.11241336253860235,0.2045146431414368,0.0009455890789191734,-0.03437974973913516,-0.07181531128153484,0.5678260869565217,3.5,8.462576727730099
2022-10-31,0.07814131736104457,-0.09700204212117658,-0.04165768633806444,0.08809084211704032,-0.049311563032384376,0.32911108808101497,-0.2024700030254344,0.2508749563071874,-0.1550895423247345,0.21981134476906583,-0.07709226040828088,-0.0899007264721674,-0.13902462621186495,0.9640476190476193,3.6,8.222579178218826
2022-11-30,0.054101363137707636,0.07814131736104457,-0.09700204212117658,-0.04165768633806444,-0.05872356107407417,0.31012899050255,-0.054680632474780944,0.27667362420478786,-0.1463165840552838,0.22420650756828084,0.019065549955921357,-0.006506728464556466,-0.049969354621040796,0.9035000000000002,3.5,8.192106896425821
2022-12-31,-0.05935551881545997,0.054101363137707636,0.07814131736104457,-0.09700204212117658,0.035868948633266395,0.3288931584895292,-0.004376078222075197,0.29123518766516626,-0.09155971978473731,0.23415248249730294,0.06252445458153133,0.04952944196203246,0.012075897408336811,0.11099999999999932,3.6,7.758813957693
2023-01-31,0.060989085589436165,-0.05935551881545997,0.054101363137707636,0.07814131736104457,0.07560916013979058,0.2543846041730658,0.022569191241347264,0.2744208672329636,-0.1817536936501497,0.23156277372677825,-0.02166057072593086,-0.014538503108890488,-0.034880483026878406,-0.4880030721966211,3.6,7.122856456533988
2023-02-28,-0.02546397297004699,0.060989085589436165,-0.05935551881545997,0.054101363137707636,0.05731738337644199,0.23410565389361282,-0.0047720585609447586,0.2565153307161552,-0.08187342466401237,0.23973124434791923,0.020685458114503952,0.0483120274347244,0.03609726026562554,-0.7985000000000002,3.5,6.404600402357152
2023-03-31,0.036406850635375854,-0.02546397297004699,0.060989085589436165,-0.05935551881545997,-0.023548704194064185,0.21496786747536073,0.01147557717808545,0.2512936784363223,-0.07773480888292128,0.23930553950382122,0.0030461014968967692,0.019983813460656474,0.01273759141726738,-0.8231578947368425,3.5,6.327178517960097
2023-04-30,0.015848816967144685,0.036406850635375854,-0.02546397297004699,0.060989085589436165,0.074582230499187,0.15431407209479897,0.15583049044837338,0.18817573923415726,-0.07819051244959818,0.23920769659598468,0.015790570530241244,0.033243264660065774,0.04938850249300364,-0.9859887798036469,3.6,5.957820738137087
2023-05-31,0.004605426389534095,0.015848816967144685,0.036406850635375854,-0.02546397297004699,0.027153818823524745,0.10915473580483825,0.08602758804360922,0.1643872554695255,0.026642912644323946,0.22097128612412403,0.022717173434475324,0.035399818309585385,0.054432409164223206,-1.37,3.5,4.917719362889961
2023-06-30,0.06278701153779842,0.004605426389534095,0.015848816967144685,0.036406850635375854,0.058508766955934544,0.055863712086628395,0.03358225711606577,0.14945642385339217,0.029059220309976652,0.22098452650515044,0.008349575467509585,0.03435300381953055,0.056360925054940836,-1.4821700879765394,3.4,4.950079879124369
2023-07-31,0.03220879340429583,0.06278701153779842,0.004605426389534095,0.015848816967144685,0.08680397370064652,0.10690841680240142,0.1678602381746206,0.11894560522703933,0.19421789923314892,0.20558669542802044,0.04385159797397398,0.07306717562988418,0.10948399576932921,-1.328238095238095,3.6,4.131851231385042
2023-08-31,-0.016385384546058646,0.03220879340429583,0.06278701153779842,0.004605426389534095,0.1047302983988232,0.10081736105588604,0.1347279447704035,0.10465204302495452,0.12931295656721864,0.1909231341764917,0.0425060524504588,0.08441135062650673,0.11648562293408427,-1.2205000000000004,3.6,3.070617072997095
2023-09-30,-0.0485963719168625,-0.016385384546058646,0.03220879340429583,0.06278701153779842,0.08178279945275269,0.13830900083906283,0.14507657716287237,0.09533764679332994,0.1582169917989229,0.18502582137574985,-0.0002737532833868572,0.04328627416197661,0.08021934204240777,-1.1621739130434783,3.5,3.287749268428297
2023-10-31,-0.021947910287964945,-0.0485963719168625,-0.016385384546058646,0.03220879340429583,-0.03224174847758832,0.14091427593152198,0.05176351333614693,0.13378421657545542,0.21566033745502278,0.15824138836606855,-0.037516359059995175,-0.014237180028127017,0.0225510235486146,-0.9510000000000005,3.7,3.722504803505289
2023-11-30,0.08740990647320057,-0.021947910287964945,-0.0485963719168625,-0.016385384546058646,-0.08325842922097648,0.05964276833310661,0.012752189041316697,0.13930567259688847,0.09987681715042651,0.1467917294842859,-0.03078317436142597,-0.037584666094038544,-0.009120690069619908,-0.5319047619047614,3.7,3.687206638119256
2023-12-31,0.04464379269931662,0.08740990647320057,-0.021947910287964945,-0.0485963719168625,0.0170086518611845,0.24966770057606905,0.10018246647806217,0.1846897509586149,0.13712907694191578,0.16128378611385738,0.05154827666834061,0.03384619080777784,0.06763339098534393,-0.8271428571428574,3.9,3.2512659098611785
2024-01-31,0.015800958512147467,0.04464379269931662,0.08740990647320057,-0.021947910287964945,0.11639616651731055,0.19090587985096621,0.08040160211511549,0.17517559862014637,0.2617580723704003,0.14467262838774828,0.05908567928444164,0.06674358800951352,0.09452960742690908,-1.3099999999999996,3.7,3.1333462745911866
2024-02-29,0.050870630647298576,0.015800958512147467,0.04464379269931662,0.08740990647320057,0.15934438232036285,0.12480938265497617,0.06281919012220616,0.17234653557737756,0.2060106352699156,0.1373657833176678,0.025406497642358694,0.072285431368448,0.09232161107225512,-1.2719047619047616,3.8,3.3159099427102934
2024-03-31,0.03217863188286607,0.050870630647298576,0.015800958512147467,0.04464379269931662,0.11774736851423961,0.06481611679892527,0.13675874437405344,0.17373064947408304,0.3016758120678058,0.1336247047193219,0.039535620291732076,0.10328556400474831,0.12469540458671369,-1.1224999999999996,3.7,3.0883429864855705
2024-04-30,-0.04115481180206615,0.03217863188286607,0.050870630647298576,0.015800958512147467,0.1039009460428626,0.06078652657480097,0.23239078437708427,0.12691216581896578,0.2961836611795319,0.1331925908987507,0.03855122902462038,0.09997700161496192,0.13349096555038287,-1.1215000000000002,3.9,3.157074141648697
2024-05-31,0.04934194674136538,-0.04115481180206615,0.03217863188286607,0.050870630647298576,0.04278440780691706,0.16849846787731942,0.2089462451622155,0.14858893785743071,0.22436295622131408,0.14733393452412047,-0.016725497860216043,0.024474402859282707,0.07304587042366895,-0.790909090909091,3.9,3.4868349120836584
2024-06-30,0.034672014947155105,0.04934194674136538,-0.04115481180206615,0.03217863188286607,0.041191537872855344,0.16650547526427634,0.16378910157667836,0.12158791085254436,0.2803803642329179,0.15003897511547257,0.01912493989672326,0.04978905101608655,0.10966289395939355,-0.8477272727272727,3.9,3.3607951262196734
2024-07-31,0.012036387553949979,0.034672014947155105,0.04934194674136538,-0.04115481180206615,0.04379086643431629,0.16825324876846423,0.15224172492774102,0.11855658156905821,0.24488380563581558,0.14392394029351221,0.03973860438294352,0.06142258922713517,0.12504346478529316,-1.0247368421052636,3.9,3.244278584003113
2024-08-31,0.023096938731584693,0.012036387553949979,0.034672014947155105,0.04934194674136538,0.10081448777425472,0.06510427440063457,0.147912183738951,0.11926971378541325,0.22002309745284498,0.14320202377441116,0.019575368673696802,0.050050146973815934,0.10937146509218398,-1.081363636363636,4.1,2.9702579486470926
2024-09-30,0.020786890607736197,0.023096938731584693,0.012036387553949979,0.034672014947155105,0.07229942845216408,0.039209432774100904,0.11646909097029234,0.10977821542167997,0.2691560019838304,0.1386599280672786,0.019491162854540223,0.05487676253667573,0.102044476212104,-1.4590909090909094,4.2,2.9414757935583014
2024-10-31,-0.008963592971316103,0.020786890607736197,0.023096938731584693,0.012036387553949979,0.0575133086736308,0.020211057289607894,0.10382273272626952,0.1074955515903108,0.3603409633977839,0.11694942571198787,0.0216268871828027,0.05915131971275156,0.09859589413089509,-1.4064999999999999,4.2,2.607144490692037
2024-11-30,0.05792302329947052,-0.008963592971316103,0.020786890607736197,0.023096938731584693,0.03553710730462489,0.061940379214122945,0.13993425034877416,0.06873737796124389,0.3781192316909554,0.11179218246198483,0.0009174378649918769,0.027630310890432996,0.06878449102754747,-0.7345454545454553,4.1,2.4264830315416708
2024-12-31,-0.02435424112379536,0.05792302329947052,-0.008963592971316103,0.020786890607736197,0.07223614288922398,0.11608620125269867,0.14975820318586774,0.077494230038485,0.3380760663160971,0.0972774865184283,0.035932224469054086,0.06376529248760576,0.10668924658056644,-0.2825438596491239,4.1,2.578844053871343
2025-01-31,0.026502146890324596,-0.02435424112379536,0.05792302329947052,-0.008963592971316103,0.024910394946182635,0.1515271574846232,0.08385638285353525,0.09869062215082194,0.24886454815309955,0.10562411364738096,0.0027939090806345934,0.024456662886976455,0.06351380950631902,-0.08373271889400868,4.2,2.719472461284833
2025-02-28,-0.012776106316678693,0.026502146890324596,-0.02435424112379536,0.05792302329947052,0.06191186429092688,0.14382761846834266,0.0996491401602877,0.10031062108202365,0.2623006458280557,0.10586545550473685,0.009523048833533831,0.03551754540444474,0.07572383371298286,0.29904761904761834,4.1,2.870690967509981
2025-03-31,-0.057331816901267985,-0.012776106316678693,0.026502146890324596,-0.02435424112379536,-0.010571920787350586,0.09233857896294456,0.06090054732126493,0.10670048357957475,0.18446266967765834,0.10435414198181217,0.0002581328031612262,0.012468388091224636,0.04396389066257722,0.12105263157894708,4.0,2.9909783078999608
2025-04-30,-0.008707971762308198,-0.057331816901267985,-0.012776106316678693,0.026502146890324596,-0.042668714252560025,0.14530055750547707,-0.01882121383025437,0.13960725953270078,0.08304744904293271,0.12398662690756411,-0.042032755791182264,-0.0410144702891273,-0.02087365499545446,-0.049523809523809526,4.2,2.8015834477613355
2025-05-31,0.060949323597665916,-0.008707971762308198,-0.057331816901267985,-0.012776106316678693,-0.07578993950540813,0.09344559251829607,-0.018570371663757634,0.1395822517213785,0.11876524764755048,0.11419875297493813,-0.025029196255276442,-0.046470295302031395,-0.03197656801775739,-0.050952380952381304,4.2,2.381981462805549
2025-06-30,0.05010941261963886,0.060949323597665916,-0.008707971762308198,-0.057331816901267985,-0.005077530605396063,0.20594584390413306,-0.015595772141391073,0.14278763293867533,0.13182683623128577,0.1191168997008582,0.03807281146668351,0.01617361029101061,0.02106131772054831,0.09380952380952401,4.2,2.32538823025783
2025-07-31,0.022770423517401106,0.05010941261963886,0.060949323597665916,-0.008707971762308198,0.10777197061968469,0.1298393405128965,0.06050476494831791,0.1539789831807632,0.1494348585358225,0.12348029560012974,0.0541067592493123,0.057646086698947,0.0622517561910485,0.05349999999999966,4.3,2.3772651073680873
2025-08-31,0.02031179376757919,0.022770423517401106,0.05010941261963886,0.060949323597665916,0.14319749879681165,0.06815500578068608,0.05655462952026746,0.1530948762941324,0.16183938988433333,0.1239866348331104,0.03192095891130009,0.07166086590427301,0.07495555717738922,0.06181818181818155,4.1,2.680453865910226
2025-09-30,0.03500060476685274,0.02031179376757919,0.022770423517401106,0.05010941261963886,0.09767206190752731,0.057295083115946624,0.09209859841850343,0.14880293997424213,0.1586080007909767,0.12375803282330185,0.021198119914247915,0.0770941497428792,0.08198275016568468,-0.06523809523809554,4.3,2.742618052167134
2025-10-31,0.02355771867235834,0.03500060476685274,0.02031179376757919,0.022770423517401106,0.08121220317503575,0.027253746979582067,0.19773657296926017,0.08529936482233398,0.17519371681708962,0.1256274551557974,0.030292542560009128,0.0822441015121127,0.10732401498189215,-0.10419047619047639,4.3,2.9385917430316155
2025-11-30,0.001948106121361981,0.02355771867235834,0.03500060476685274,0.02031179376757919,0.08206377147788979,0.02672964044769141,0.23701259709216815,0.05789671785866038,0.21404081341141667,0.1234881710283327,0.02745326675018145,0.07017530307417919,0.11498794821364156,-0.02624633431085055,4.4,3.0225715847133294
2025-12-31,0.0007971851219306103,0.001948106121361981,0.02355771867235834,0.03500060476685274,0.062374428149103656,0.05814434905450288,0.16613872906425664,0.05561227993084038,0.1479518951605192,0.11524960884727037,0.009125694857185174,0.04563943509641244,0.10153241873162999,0.21755555555555484,,
2026-01-31,0.014630272545668177,0.0007971851219306103,0.001948106121361981,0.02355771867235834,0.026651987079179262,0.04441490428338837,0.11002865684390772,0.0464611639621212,0.17719067981214542,0.1093052114356534,0.0011808573900295993,0.02868920179742429,0.08579902688482544,0.4225366568914959,4.5,2.6964439164939513
2026-02-28,-0.008679605277049696,0.014630272545668177,0.0007971851219306103,0.001948106121361981,0.01752739701863626,0.026590083566379284,0.10102953280006566,0.045620549416191876,0.16329785011844633,0.10841691017542615,0.010044159982879997,0.02744786927728926,0.07821085530099259,0.5734999999999997,4.4,2.653304114557753
2026-03-31,-0.0506404198128001,-0.008679605277049696,0.014630272545668177,0.0007971851219306103,0.006770670441898163,0.040608232368548776,0.06956741528800126,0.05628420198391436,0.1680730751501276,0.10744373758807611,-0.0009272677608163082,0.007444694651995043,0.04667387720619143,0.4857894736842101,4.3,2.391201432150014
2026-04-30,0.09989301425473496,-0.0506404198128001,-0.008679605277049696,0.014630272545668177,-0.04370587636659029,0.11458030931680636,-0.018218737739617574,0.08975812682384941,0.17591532446518476,0.10277603104349708,-0.03631775831326778,-0.03945738940117516,-0.015200203783807154,0.605909090909091,4.4,2.4340041103732224
2026-05-31,0.05128775975786226,0.09989301425473496,-0.0506404198128001,-0.008679605277049696,0.04140731837905265,0.269106069945151,0.059660477906395615,0.1716545717066259,0.3108133598109186,0.13074416246577777,0.05009849365641128,0.050982192580767194,0.07106251272222397,0.6790909090909092,4.3,3.2859577528651984
2026-06-30,-0.010345901189075413,0.05128775975786226,0.09989301425473496,-0.0506404198128001,0.10576826319716193,0.266128312388817,0.11325505569237992,0.18030012821587837,0.29820983576947024,0.12797662571121293,0.06773058854080594,0.08592146554317726,0.10604547087356275,0.8562580645161288,4.3,3.7792458367415627
